timestamp,zone_id,zone_name,wifi_devices,estimated_occupancy,temperature_c,humidity_pct,power_kw,hvac_status,setpoint_c
2026-08-25 23:19:44,zone_1,Classroom 1,0,0,25.68,58.5,5.68,ACTIVE,23.0
2026-08-25 23:19:44,zone_2,Classroom 2,0,0,25.99,59.4,6.04,ACTIVE,23.0
2026-08-25 23:19:44,zone_3,Lab 1,1,1,26.19,57.7,8.94,ACTIVE,23.0
2026-08-25 23:19:44,zone_4,Lab 2,1,1,25.86,57.2,8.39,ACTIVE,23.0
2026-08-25 23:19:44,zone_5,Office 1,0,0,24.08,58.4,2.47,ACTIVE,23.0
2026-08-25 23:19:44,zone_6,Office 2,0,0,24.37,59.5,2.69,ACTIVE,23.0
2026-08-25 23:19:44,zone_7,Meeting Room,0,0,24.29,63.2,3.34,ACTIVE,23.0
2026-08-25 23:19:44,zone_8,Server Room,0,0,21.91,53.8,4.5,ACTIVE,23.0
2026-08-25 23:19:44,zone_9,Corridor,3,3,26.14,54.7,2.96,ACTIVE,23.0
2026-08-25 23:19:44,zone_10,Auditorium,1,1,25.6,62.2,16.47,ACTIVE,23.0
2026-08-25 23:34:44,zone_1,Classroom 1,1,1,25.77,62.6,5.82,ACTIVE,23.0
2026-08-25 23:34:44,zone_2,Classroom 2,0,0,25.27,56.7,5.2,ACTIVE,23.0
2026-08-25 23:34:44,zone_3,Lab 1,0,0,23.89,59.3,5.07,ACTIVE,23.0
2026-08-25 23:34:44,zone_4,Lab 2,0,0,25.76,62.3,8.15,ACTIVE,23.0
2026-08-25 23:34:44,zone_5,Office 1,0,0,25.09,50.2,3.23,ACTIVE,23.0
2026-08-25 23:34:44,zone_6,Office 2,1,1,24.57,61.2,2.89,ACTIVE,23.0
2026-08-25 23:34:44,zone_7,Meeting Room,1,1,22.8,50.9,2.15,ACTIVE,23.0
2026-08-25 23:34:44,zone_8,Server Room,0,0,23.61,52.3,5.76,ACTIVE,23.0
2026-08-25 23:34:44,zone_9,Corridor,2,2,25.41,52.2,2.55,ACTIVE,23.0
2026-08-25 23:34:44,zone_10,Auditorium,1,1,27.43,60.9,21.28,ACTIVE,23.0
2026-08-25 23:49:44,zone_1,Classroom 1,1,1,24.83,50.1,4.73,ACTIVE,23.0
2026-08-25 23:49:44,zone_2,Classroom 2,0,0,23.43,51.3,3.05,ACTIVE,23.0
2026-08-25 23:49:44,zone_3,Lab 1,0,0,26.7,62.8,9.7,ACTIVE,23.0
2026-08-25 23:49:44,zone_4,Lab 2,1,1,24.55,51.2,6.23,ACTIVE,23.0
2026-08-25 23:49:44,zone_5,Office 1,1,1,22.58,55.1,1.71,ACTIVE,23.0
2026-08-25 23:49:44,zone_6,Office 2,0,0,22.74,51.8,1.65,ACTIVE,23.0
2026-08-25 23:49:44,zone_7,Meeting Room,1,1,25.61,62.3,4.66,ACTIVE,23.0
2026-08-25 23:49:44,zone_8,Server Room,2,2,22.89,52.5,5.62,ACTIVE,23.0
2026-08-25 23:49:44,zone_9,Corridor,2,2,26.28,53.0,3.03,ACTIVE,23.0
2026-08-25 23:49:44,zone_10,Auditorium,1,1,25.87,54.7,17.4,ACTIVE,23.0
2026-08-26 00:04:44,zone_1,Classroom 1,0,0,25.47,63.3,5.44,ACTIVE,23.0
2026-08-26 00:04:44,zone_2,Classroom 2,1,1,24.89,54.3,4.8,ACTIVE,23.0
2026-08-26 00:04:44,zone_3,Lab 1,1,1,25.61,50.3,7.98,ACTIVE,23.0
2026-08-26 00:04:44,zone_4,Lab 2,1,1,25.84,54.6,8.36,ACTIVE,23.0
2026-08-26 00:04:44,zone_5,Office 1,0,0,23.17,56.9,1.78,ACTIVE,23.0
2026-08-26 00:04:44,zone_6,Office 2,0,0,23.45,62.2,1.99,ACTIVE,23.0
2026-08-26 00:04:44,zone_7,Meeting Room,1,1,24.08,53.9,3.19,ACTIVE,23.0
2026-08-26 00:04:44,zone_8,Server Room,0,0,22.47,51.4,4.5,ACTIVE,23.0
2026-08-26 00:04:44,zone_9,Corridor,3,3,27.08,60.3,3.44,ACTIVE,23.0
2026-08-26 00:04:44,zone_10,Auditorium,1,1,27.94,57.9,21.28,ACTIVE,23.0
2026-08-26 00:19:44,zone_1,Classroom 1,0,0,24.39,53.8,4.17,ACTIVE,23.0
2026-08-26 00:19:44,zone_2,Classroom 2,0,0,25.3,60.6,5.24,ACTIVE,23.0
2026-08-26 00:19:44,zone_3,Lab 1,1,1,25.19,61.4,7.29,ACTIVE,23.0
2026-08-26 00:19:44,zone_4,Lab 2,1,1,25.87,51.5,8.41,ACTIVE,23.0
2026-08-26 00:19:44,zone_5,Office 1,0,0,25.24,61.3,3.34,ACTIVE,23.0
2026-08-26 00:19:44,zone_6,Office 2,0,0,24.59,56.7,2.85,ACTIVE,23.0
2026-08-26 00:19:44,zone_7,Meeting Room,0,0,24.15,64.8,3.21,ACTIVE,23.0
2026-08-26 00:19:44,zone_8,Server Room,1,1,22.6,61.1,5.06,ACTIVE,23.0
2026-08-26 00:19:44,zone_9,Corridor,0,0,26.64,51.3,3.2,ACTIVE,23.0
2026-08-26 00:19:44,zone_10,Auditorium,1,1,25.47,60.7,16.02,ACTIVE,23.0
2026-08-26 00:34:44,zone_1,Classroom 1,1,1,24.5,64.4,4.34,ACTIVE,23.0
2026-08-26 00:34:44,zone_2,Classroom 2,1,1,24.01,63.5,3.77,ACTIVE,23.0
2026-08-26 00:34:44,zone_3,Lab 1,1,1,26.71,61.5,9.79,ACTIVE,23.0
2026-08-26 00:34:44,zone_4,Lab 2,0,0,25.91,62.3,8.4,ACTIVE,23.0
2026-08-26 00:34:44,zone_5,Office 1,0,0,22.76,51.1,1.65,ACTIVE,23.0
2026-08-26 00:34:44,zone_6,Office 2,0,0,22.67,52.7,1.65,ACTIVE,23.0
2026-08-26 00:34:44,zone_7,Meeting Room,1,1,23.75,53.5,2.87,ACTIVE,23.0
2026-08-26 00:34:44,zone_8,Server Room,1,1,23.89,60.5,6.9,ACTIVE,23.0
2026-08-26 00:34:44,zone_9,Corridor,3,3,27.37,64.7,3.44,ACTIVE,23.0
2026-08-26 00:34:44,zone_10,Auditorium,1,1,27.33,59.6,21.28,ACTIVE,23.0
2026-08-26 00:49:44,zone_1,Classroom 1,1,1,25.39,60.9,5.38,ACTIVE,23.0
2026-08-26 00:49:44,zone_2,Classroom 2,1,1,24.52,56.0,4.36,ACTIVE,23.0
2026-08-26 00:49:44,zone_3,Lab 1,1,1,25.14,64.8,7.2,ACTIVE,23.0
2026-08-26 00:49:44,zone_4,Lab 2,0,0,25.5,58.3,7.72,ACTIVE,23.0
2026-08-26 00:49:44,zone_5,Office 1,1,1,23.24,52.6,1.89,ACTIVE,23.0
2026-08-26 00:49:44,zone_6,Office 2,1,1,25.17,51.4,3.35,ACTIVE,23.0
2026-08-26 00:49:44,zone_7,Meeting Room,1,1,23.37,51.7,2.51,ACTIVE,23.0
2026-08-26 00:49:44,zone_8,Server Room,0,0,23.8,62.8,6.15,ACTIVE,23.0
2026-08-26 00:49:44,zone_9,Corridor,0,0,27.03,58.3,3.4,ACTIVE,23.0
2026-08-26 00:49:44,zone_10,Auditorium,1,1,26.48,50.4,19.49,ACTIVE,23.0
2026-08-26 01:04:44,zone_1,Classroom 1,1,1,25.99,61.7,6.08,ACTIVE,23.0
2026-08-26 01:04:44,zone_2,Classroom 2,1,1,25.1,56.5,5.04,ACTIVE,23.0
2026-08-26 01:04:44,zone_3,Lab 1,0,0,26.3,53.8,9.05,ACTIVE,23.0
2026-08-26 01:04:44,zone_4,Lab 2,1,1,24.26,63.6,5.75,ACTIVE,23.0
2026-08-26 01:04:44,zone_5,Office 1,1,1,25.21,64.7,3.38,ACTIVE,23.0
2026-08-26 01:04:44,zone_6,Office 2,1,1,24.83,57.1,3.09,ACTIVE,23.0
2026-08-26 01:04:44,zone_7,Meeting Room,1,1,22.98,50.8,2.15,ACTIVE,23.0
2026-08-26 01:04:44,zone_8,Server Room,0,0,23.85,64.3,6.25,ACTIVE,23.0
2026-08-26 01:04:44,zone_9,Corridor,0,0,25.26,55.5,2.44,ACTIVE,23.0
2026-08-26 01:04:44,zone_10,Auditorium,0,0,27.37,50.4,21.25,ACTIVE,23.0
2026-08-26 01:19:44,zone_1,Classroom 1,0,0,23.55,61.4,3.19,ACTIVE,23.0
2026-08-26 01:19:44,zone_2,Classroom 2,1,1,24.11,57.5,3.88,ACTIVE,23.0
2026-08-26 01:19:44,zone_3,Lab 1,1,1,25.48,53.5,7.76,ACTIVE,23.0
2026-08-26 01:19:44,zone_4,Lab 2,1,1,24.12,50.5,5.52,ACTIVE,23.0
2026-08-26 01:19:44,zone_5,Office 1,1,1,23.42,58.3,2.02,ACTIVE,23.0
2026-08-26 01:19:44,zone_6,Office 2,1,1,23.29,62.5,1.92,ACTIVE,23.0
2026-08-26 01:19:44,zone_7,Meeting Room,0,0,25.5,56.7,4.51,ACTIVE,23.0
2026-08-26 01:19:44,zone_8,Server Room,2,2,23.11,64.5,5.85,ACTIVE,23.0
2026-08-26 01:19:44,zone_9,Corridor,3,3,27.18,52.9,3.44,ACTIVE,23.0
2026-08-26 01:19:44,zone_10,Auditorium,0,0,25.51,50.8,16.13,ACTIVE,23.0
2026-08-26 01:34:44,zone_1,Classroom 1,1,1,23.8,61.5,3.52,ACTIVE,23.0
2026-08-26 01:34:44,zone_2,Classroom 2,1,1,24.85,51.2,4.75,ACTIVE,23.0
2026-08-26 01:34:44,zone_3,Lab 1,1,1,25.06,55.8,7.07,ACTIVE,23.0
2026-08-26 01:34:44,zone_4,Lab 2,1,1,25.78,57.8,8.26,ACTIVE,23.0
2026-08-26 01:34:44,zone_5,Office 1,0,0,24.79,50.8,3.0,ACTIVE,23.0
2026-08-26 01:34:44,zone_6,Office 2,0,0,24.18,58.0,2.54,ACTIVE,23.0
2026-08-26 01:34:44,zone_7,Meeting Room,0,0,23.22,54.1,2.31,ACTIVE,23.0
2026-08-26 01:34:44,zone_8,Server Room,2,2,22.16,64.2,5.62,ACTIVE,23.0
2026-08-26 01:34:44,zone_9,Corridor,2,2,24.83,61.2,2.23,ACTIVE,23.0
2026-08-26 01:34:44,zone_10,Auditorium,0,0,25.38,57.7,15.68,ACTIVE,23.0
2026-08-26 01:49:44,zone_1,Classroom 1,1,1,23.06,54.6,2.66,ACTIVE,23.0
2026-08-26 01:49:44,zone_2,Classroom 2,0,0,26.1,53.8,6.17,ACTIVE,23.0
2026-08-26 01:49:44,zone_3,Lab 1,0,0,24.0,52.5,5.25,ACTIVE,23.0
2026-08-26 01:49:44,zone_4,Lab 2,0,0,25.21,57.4,7.25,ACTIVE,23.0
2026-08-26 01:49:44,zone_5,Office 1,0,0,23.09,50.6,1.72,ACTIVE,23.0
2026-08-26 01:49:44,zone_6,Office 2,1,1,22.63,59.7,1.71,ACTIVE,23.0
2026-08-26 01:49:44,zone_7,Meeting Room,0,0,23.39,62.1,2.48,ACTIVE,23.0
2026-08-26 01:49:44,zone_8,Server Room,1,1,23.27,51.7,5.62,ACTIVE,23.0
2026-08-26 01:49:44,zone_9,Corridor,2,2,24.75,54.6,2.19,ACTIVE,23.0
2026-08-26 01:49:44,zone_10,Auditorium,0,0,27.56,52.2,21.25,ACTIVE,23.0
2026-08-26 02:04:44,zone_1,Classroom 1,0,0,25.85,59.2,5.88,ACTIVE,23.0
2026-08-26 02:04:44,zone_2,Classroom 2,0,0,24.67,57.4,4.5,ACTIVE,23.0
2026-08-26 02:04:44,zone_3,Lab 1,0,0,24.35,53.1,5.83,ACTIVE,23.0
2026-08-26 02:04:44,zone_4,Lab 2,1,1,24.15,54.0,5.57,ACTIVE,23.0
2026-08-26 02:04:44,zone_5,Office 1,1,1,23.79,54.5,2.3,ACTIVE,23.0
2026-08-26 02:04:44,zone_6,Office 2,1,1,25.25,53.4,3.41,ACTIVE,23.0
2026-08-26 02:04:44,zone_7,Meeting Room,1,1,25.43,64.5,4.49,ACTIVE,23.0
2026-08-26 02:04:44,zone_8,Server Room,1,1,22.89,63.7,5.06,ACTIVE,23.0
2026-08-26 02:04:44,zone_9,Corridor,2,2,26.13,61.6,2.95,ACTIVE,23.0
2026-08-26 02:04:44,zone_10,Auditorium,1,1,26.91,64.5,20.97,ACTIVE,23.0
2026-08-26 02:19:44,zone_1,Classroom 1,0,0,25.84,59.1,5.87,ACTIVE,23.0
2026-08-26 02:19:44,zone_2,Classroom 2,0,0,26.14,50.3,6.22,ACTIVE,23.0
2026-08-26 02:19:44,zone_3,Lab 1,1,1,25.19,55.0,7.29,ACTIVE,23.0
2026-08-26 02:19:44,zone_4,Lab 2,1,1,24.93,54.2,6.86,ACTIVE,23.0
2026-08-26 02:19:44,zone_5,Office 1,0,0,24.48,54.9,2.77,ACTIVE,23.0
2026-08-26 02:19:44,zone_6,Office 2,1,1,23.0,59.0,1.71,ACTIVE,23.0
2026-08-26 02:19:44,zone_7,Meeting Room,0,0,22.91,51.8,2.1,ACTIVE,23.0
2026-08-26 02:19:44,zone_8,Server Room,1,1,23.01,50.8,5.08,ACTIVE,23.0
2026-08-26 02:19:44,zone_9,Corridor,3,3,25.48,63.6,2.6,ACTIVE,23.0
2026-08-26 02:19:44,zone_10,Auditorium,0,0,27.94,53.1,21.25,ACTIVE,23.0
2026-08-26 02:34:44,zone_1,Classroom 1,1,1,24.93,62.6,4.84,ACTIVE,23.0
2026-08-26 02:34:44,zone_2,Classroom 2,1,1,26.1,59.6,6.21,ACTIVE,23.0
2026-08-26 02:34:44,zone_3,Lab 1,0,0,26.57,56.3,9.49,ACTIVE,23.0
2026-08-26 02:34:44,zone_4,Lab 2,0,0,25.92,59.1,8.42,ACTIVE,23.0
2026-08-26 02:34:44,zone_5,Office 1,1,1,22.69,58.0,1.71,ACTIVE,23.0
2026-08-26 02:34:44,zone_6,Office 2,1,1,25.2,52.4,3.37,ACTIVE,23.0
2026-08-26 02:34:44,zone_7,Meeting Room,0,0,22.82,59.7,2.1,ACTIVE,23.0
2026-08-26 02:34:44,zone_8,Server Room,0,0,23.65,60.4,5.84,ACTIVE,23.0
2026-08-26 02:34:44,zone_9,Corridor,3,3,26.81,55.1,3.33,ACTIVE,23.0
2026-08-26 02:34:44,zone_10,Auditorium,1,1,26.3,55.2,18.87,ACTIVE,23.0
2026-08-26 02:49:44,zone_1,Classroom 1,0,0,23.92,59.6,3.63,ACTIVE,23.0
2026-08-26 02:49:44,zone_2,Classroom 2,1,1,23.66,61.0,3.36,ACTIVE,23.0
2026-08-26 02:49:44,zone_3,Lab 1,0,0,24.51,57.2,6.09,ACTIVE,23.0
2026-08-26 02:49:44,zone_4,Lab 2,1,1,26.82,55.5,9.97,ACTIVE,23.0
2026-08-26 02:49:44,zone_5,Office 1,0,0,24.14,62.0,2.51,ACTIVE,23.0
2026-08-26 02:49:44,zone_6,Office 2,0,0,25.25,61.2,3.35,ACTIVE,23.0
2026-08-26 02:49:44,zone_7,Meeting Room,0,0,23.73,58.8,2.8,ACTIVE,23.0
2026-08-26 02:49:44,zone_8,Server Room,2,2,23.47,53.5,6.59,ACTIVE,23.0
2026-08-26 02:49:44,zone_9,Corridor,0,0,25.65,51.3,2.66,ACTIVE,23.0
2026-08-26 02:49:44,zone_10,Auditorium,1,1,26.4,57.7,19.22,ACTIVE,23.0
2026-08-26 03:04:44,zone_1,Classroom 1,0,0,23.2,50.6,2.78,ACTIVE,23.0
2026-08-26 03:04:44,zone_2,Classroom 2,0,0,25.9,63.3,5.94,ACTIVE,23.0
2026-08-26 03:04:44,zone_3,Lab 1,1,1,23.91,59.2,5.17,ACTIVE,23.0
2026-08-26 03:04:44,zone_4,Lab 2,0,0,26.38,51.1,9.18,ACTIVE,23.0
2026-08-26 03:04:44,zone_5,Office 1,0,0,24.21,62.1,2.57,ACTIVE,23.0
2026-08-26 03:04:44,zone_6,Office 2,1,1,24.2,55.6,2.61,ACTIVE,23.0
2026-08-26 03:04:44,zone_7,Meeting Room,0,0,22.98,61.7,2.1,ACTIVE,23.0
2026-08-26 03:04:44,zone_8,Server Room,2,2,22.0,56.0,5.62,ACTIVE,23.0
2026-08-26 03:04:44,zone_9,Corridor,3,3,25.33,59.4,2.52,ACTIVE,23.0
2026-08-26 03:04:44,zone_10,Auditorium,1,1,26.85,57.3,20.76,ACTIVE,23.0
2026-08-26 03:19:44,zone_1,Classroom 1,1,1,24.22,62.6,4.01,ACTIVE,23.0
2026-08-26 03:19:44,zone_2,Classroom 2,0,0,24.46,58.9,4.26,ACTIVE,23.0
2026-08-26 03:19:44,zone_3,Lab 1,0,0,24.04,61.7,5.32,ACTIVE,23.0
2026-08-26 03:19:44,zone_4,Lab 2,1,1,25.45,64.0,7.71,ACTIVE,23.0
2026-08-26 03:19:44,zone_5,Office 1,0,0,24.37,55.4,2.69,ACTIVE,23.0
2026-08-26 03:19:44,zone_6,Office 2,0,0,25.26,64.7,3.36,ACTIVE,23.0
2026-08-26 03:19:44,zone_7,Meeting Room,1,1,23.53,61.6,2.66,ACTIVE,23.0
2026-08-26 03:19:44,zone_8,Server Room,2,2,22.69,60.5,5.62,ACTIVE,23.0
2026-08-26 03:19:44,zone_9,Corridor,3,3,24.71,54.7,2.18,ACTIVE,23.0
2026-08-26 03:19:44,zone_10,Auditorium,0,0,25.47,55.7,15.99,ACTIVE,23.0
2026-08-26 03:34:44,zone_1,Classroom 1,1,1,25.0,50.4,4.92,ACTIVE,23.0
2026-08-26 03:34:44,zone_2,Classroom 2,1,1,24.66,51.4,4.53,ACTIVE,23.0
2026-08-26 03:34:44,zone_3,Lab 1,1,1,25.46,53.1,7.73,ACTIVE,23.0
2026-08-26 03:34:44,zone_4,Lab 2,0,0,24.1,60.2,5.42,ACTIVE,23.0
2026-08-26 03:34:44,zone_5,Office 1,1,1,22.82,54.8,1.71,ACTIVE,23.0
2026-08-26 03:34:44,zone_6,Office 2,0,0,22.55,59.6,1.65,ACTIVE,23.0
2026-08-26 03:34:44,zone_7,Meeting Room,0,0,25.45,55.7,4.46,ACTIVE,23.0
2026-08-26 03:34:44,zone_8,Server Room,1,1,23.23,53.4,5.54,ACTIVE,23.0
2026-08-26 03:34:44,zone_9,Corridor,3,3,26.59,54.6,3.21,ACTIVE,23.0
2026-08-26 03:34:44,zone_10,Auditorium,1,1,27.82,56.0,21.28,ACTIVE,23.0
2026-08-26 03:49:44,zone_1,Classroom 1,1,1,24.03,62.6,3.79,ACTIVE,23.0
2026-08-26 03:49:44,zone_2,Classroom 2,0,0,24.1,50.6,3.84,ACTIVE,23.0
2026-08-26 03:49:44,zone_3,Lab 1,1,1,23.92,52.1,5.19,ACTIVE,23.0
2026-08-26 03:49:44,zone_4,Lab 2,1,1,26.17,51.3,8.9,ACTIVE,23.0
2026-08-26 03:49:44,zone_5,Office 1,1,1,25.28,59.8,3.43,ACTIVE,23.0
2026-08-26 03:49:44,zone_6,Office 2,0,0,25.36,52.2,3.43,ACTIVE,23.0
2026-08-26 03:49:44,zone_7,Meeting Room,1,1,24.37,64.0,3.47,ACTIVE,23.0
2026-08-26 03:49:44,zone_8,Server Room,2,2,24.29,61.3,8.29,ACTIVE,23.0
2026-08-26 03:49:44,zone_9,Corridor,1,1,25.22,52.0,2.43,ACTIVE,23.0
2026-08-26 03:49:44,zone_10,Auditorium,1,1,26.23,58.2,18.63,ACTIVE,23.0
2026-08-26 04:04:44,zone_1,Classroom 1,1,1,25.81,51.0,5.87,ACTIVE,23.0
2026-08-26 04:04:44,zone_2,Classroom 2,1,1,25.7,54.9,5.74,ACTIVE,23.0
2026-08-26 04:04:44,zone_3,Lab 1,0,0,25.35,60.7,7.48,ACTIVE,23.0
2026-08-26 04:04:44,zone_4,Lab 2,0,0,26.49,55.1,9.36,ACTIVE,23.0
2026-08-26 04:04:44,zone_5,Office 1,1,1,25.15,51.6,3.33,ACTIVE,23.0
2026-08-26 04:04:44,zone_6,Office 2,1,1,24.71,61.1,3.0,ACTIVE,23.0
2026-08-26 04:04:44,zone_7,Meeting Room,0,0,25.69,57.6,4.69,ACTIVE,23.0
2026-08-26 04:04:44,zone_8,Server Room,0,0,21.86,51.5,4.5,ACTIVE,23.0
2026-08-26 04:04:44,zone_9,Corridor,0,0,25.54,55.3,2.6,ACTIVE,23.0
2026-08-26 04:04:44,zone_10,Auditorium,0,0,25.08,54.4,14.65,ACTIVE,23.0
2026-08-26 04:19:44,zone_1,Classroom 1,0,0,23.84,61.9,3.53,ACTIVE,23.0
2026-08-26 04:19:44,zone_2,Classroom 2,0,0,23.77,60.8,3.45,ACTIVE,23.0
2026-08-26 04:19:44,zone_3,Lab 1,1,1,24.56,58.3,6.25,ACTIVE,23.0
2026-08-26 04:19:44,zone_4,Lab 2,1,1,24.75,60.2,6.56,ACTIVE,23.0
2026-08-26 04:19:44,zone_5,Office 1,0,0,23.47,62.1,2.01,ACTIVE,23.0
2026-08-26 04:19:44,zone_6,Office 2,1,1,23.9,64.1,2.39,ACTIVE,23.0
2026-08-26 04:19:44,zone_7,Meeting Room,1,1,25.5,59.9,4.56,ACTIVE,23.0
2026-08-26 04:19:44,zone_8,Server Room,0,0,22.99,58.4,4.5,ACTIVE,23.0
2026-08-26 04:19:44,zone_9,Corridor,3,3,26.18,61.9,2.98,ACTIVE,23.0
2026-08-26 04:19:44,zone_10,Auditorium,1,1,25.83,59.4,17.26,ACTIVE,23.0
2026-08-26 04:34:44,zone_1,Classroom 1,1,1,25.29,53.4,5.26,ACTIVE,23.0
2026-08-26 04:34:44,zone_2,Classroom 2,0,0,24.9,54.4,4.77,ACTIVE,23.0
2026-08-26 04:34:44,zone_3,Lab 1,0,0,24.13,59.1,5.46,ACTIVE,23.0
2026-08-26 04:34:44,zone_4,Lab 2,0,0,25.63,50.7,7.94,ACTIVE,23.0
2026-08-26 04:34:44,zone_5,Office 1,1,1,23.73,50.5,2.26,ACTIVE,23.0
2026-08-26 04:34:44,zone_6,Office 2,0,0,25.13,52.6,3.26,ACTIVE,23.0
2026-08-26 04:34:44,zone_7,Meeting Room,1,1,22.92,61.5,2.15,ACTIVE,23.0
2026-08-26 04:34:44,zone_8,Server Room,1,1,23.53,64.4,6.16,ACTIVE,23.0
2026-08-26 04:34:44,zone_9,Corridor,1,1,26.32,60.0,3.04,ACTIVE,23.0
2026-08-26 04:34:44,zone_10,Auditorium,1,1,26.19,58.9,18.5,ACTIVE,23.0
2026-08-26 04:49:44,zone_1,Classroom 1,0,0,25.25,57.6,5.18,ACTIVE,23.0
2026-08-26 04:49:44,zone_2,Classroom 2,1,1,24.15,51.3,3.93,ACTIVE,23.0
2026-08-26 04:49:44,zone_3,Lab 1,0,0,24.92,63.3,6.77,ACTIVE,23.0
2026-08-26 04:49:44,zone_4,Lab 2,1,1,26.42,57.2,9.32,ACTIVE,23.0
2026-08-26 04:49:44,zone_5,Office 1,1,1,24.14,60.8,2.57,ACTIVE,23.0
2026-08-26 04:49:44,zone_6,Office 2,0,0,23.91,54.2,2.34,ACTIVE,23.0
2026-08-26 04:49:44,zone_7,Meeting Room,0,0,24.15,52.1,3.21,ACTIVE,23.0
2026-08-26 04:49:44,zone_8,Server Room,1,1,23.02,63.3,5.1,ACTIVE,23.0
2026-08-26 04:49:44,zone_9,Corridor,3,3,26.24,55.8,3.02,ACTIVE,23.0
2026-08-26 04:49:44,zone_10,Auditorium,0,0,26.03,64.1,17.92,ACTIVE,23.0
2026-08-26 05:04:44,zone_1,Classroom 1,1,1,23.52,63.2,3.19,ACTIVE,23.0
2026-08-26 05:04:44,zone_2,Classroom 2,0,0,24.3,60.9,4.07,ACTIVE,23.0
2026-08-26 05:04:44,zone_3,Lab 1,1,1,25.41,60.0,7.65,ACTIVE,23.0
2026-08-26 05:04:44,zone_4,Lab 2,1,1,25.18,56.9,7.27,ACTIVE,23.0
2026-08-26 05:04:44,zone_5,Office 1,0,0,23.82,63.5,2.27,ACTIVE,23.0
2026-08-26 05:04:44,zone_6,Office 2,1,1,24.95,64.0,3.18,ACTIVE,23.0
2026-08-26 05:04:44,zone_7,Meeting Room,0,0,25.36,57.0,4.37,ACTIVE,23.0
2026-08-26 05:04:44,zone_8,Server Room,1,1,22.62,58.8,5.06,ACTIVE,23.0
2026-08-26 05:04:44,zone_9,Corridor,2,2,24.6,59.9,2.1,ACTIVE,23.0
2026-08-26 05:04:44,zone_10,Auditorium,0,0,25.18,55.9,14.99,ACTIVE,23.0
2026-08-26 05:19:44,zone_1,Classroom 1,1,1,25.48,64.3,5.49,ACTIVE,23.0
2026-08-26 05:19:44,zone_2,Classroom 2,0,0,25.58,54.9,5.57,ACTIVE,23.0
2026-08-26 05:19:44,zone_3,Lab 1,1,1,24.41,52.5,6.0,ACTIVE,23.0
2026-08-26 05:19:44,zone_4,Lab 2,1,1,26.09,54.0,8.77,ACTIVE,23.0
2026-08-26 05:19:44,zone_5,Office 1,0,0,22.86,59.2,1.65,ACTIVE,23.0
2026-08-26 05:19:44,zone_6,Office 2,1,1,25.21,55.6,3.38,ACTIVE,23.0
2026-08-26 05:19:44,zone_7,Meeting Room,0,0,24.87,57.1,3.9,ACTIVE,23.0
2026-08-26 05:19:44,zone_8,Server Room,0,0,23.12,60.1,4.75,ACTIVE,23.0
2026-08-26 05:19:44,zone_9,Corridor,3,3,26.71,55.0,3.28,ACTIVE,23.0
2026-08-26 05:19:44,zone_10,Auditorium,1,1,27.7,55.2,21.28,ACTIVE,23.0
2026-08-26 05:34:44,zone_1,Classroom 1,0,0,25.15,63.0,5.06,ACTIVE,23.0
2026-08-26 05:34:44,zone_2,Classroom 2,0,0,24.51,62.5,4.31,ACTIVE,23.0
2026-08-26 05:34:44,zone_3,Lab 1,0,0,24.12,64.1,5.45,ACTIVE,23.0
2026-08-26 05:34:44,zone_4,Lab 2,0,0,24.35,56.4,5.83,ACTIVE,23.0
2026-08-26 05:34:44,zone_5,Office 1,0,0,24.43,61.0,2.73,ACTIVE,23.0
2026-08-26 05:34:44,zone_6,Office 2,1,1,23.13,55.1,1.8,ACTIVE,23.0
2026-08-26 05:34:44,zone_7,Meeting Room,0,0,24.45,55.7,3.5,ACTIVE,23.0
2026-08-26 05:34:44,zone_8,Server Room,1,1,21.49,54.9,5.06,ACTIVE,23.0
2026-08-26 05:34:44,zone_9,Corridor,0,0,27.35,63.8,3.4,ACTIVE,23.0
2026-08-26 05:34:44,zone_10,Auditorium,0,0,26.85,57.6,20.73,ACTIVE,23.0
2026-08-26 05:49:44,zone_1,Classroom 1,1,1,25.56,61.4,5.58,ACTIVE,23.0
2026-08-26 05:49:44,zone_2,Classroom 2,1,1,24.91,51.7,4.82,ACTIVE,23.0
2026-08-26 05:49:44,zone_3,Lab 1,1,1,25.31,61.6,7.48,ACTIVE,23.0
2026-08-26 05:49:44,zone_4,Lab 2,0,0,26.45,58.3,9.29,ACTIVE,23.0
2026-08-26 05:49:44,zone_5,Office 1,1,1,25.09,52.7,3.29,ACTIVE,23.0
2026-08-26 05:49:44,zone_6,Office 2,0,0,25.23,64.1,3.34,ACTIVE,23.0
2026-08-26 05:49:44,zone_7,Meeting Room,0,0,24.99,59.5,4.02,ACTIVE,23.0
2026-08-26 05:49:44,zone_8,Server Room,1,1,23.33,59.0,5.74,ACTIVE,23.0
2026-08-26 05:49:44,zone_9,Corridor,0,0,24.7,60.6,2.13,ACTIVE,23.0
2026-08-26 05:49:44,zone_10,Auditorium,0,0,25.7,52.3,16.78,ACTIVE,23.0
2026-08-26 06:04:44,zone_1,Classroom 1,3,3,26.02,60.2,6.19,ACTIVE,23.0
2026-08-26 06:04:44,zone_2,Classroom 2,4,4,25.77,56.4,5.93,ACTIVE,23.0
2026-08-26 06:04:44,zone_3,Lab 1,2,2,25.09,50.2,7.19,ACTIVE,23.0
2026-08-26 06:04:44,zone_4,Lab 2,3,3,25.57,58.0,8.06,ACTIVE,23.0
2026-08-26 06:04:44,zone_5,Office 1,0,0,25.28,56.6,3.37,ACTIVE,23.0
2026-08-26 06:04:44,zone_6,Office 2,1,1,24.81,57.8,3.07,ACTIVE,23.0
2026-08-26 06:04:44,zone_7,Meeting Room,1,1,24.45,55.2,3.55,ACTIVE,23.0
2026-08-26 06:04:44,zone_8,Server Room,0,0,21.46,57.9,4.5,ACTIVE,23.0
2026-08-26 06:04:44,zone_9,Corridor,5,5,25.53,52.7,2.65,ACTIVE,23.0
2026-08-26 06:04:44,zone_10,Auditorium,24,23,27.35,54.1,21.97,ACTIVE,23.0
2026-08-26 06:19:44,zone_1,Classroom 1,6,6,26.02,58.7,6.3,ACTIVE,23.0
2026-08-26 06:19:44,zone_2,Classroom 2,5,5,25.62,50.8,5.79,ACTIVE,23.0
2026-08-26 06:19:44,zone_3,Lab 1,5,5,26.76,51.5,10.16,ACTIVE,23.0
2026-08-26 06:19:44,zone_4,Lab 2,5,5,25.97,62.4,8.86,ACTIVE,23.0
2026-08-26 06:19:44,zone_5,Office 1,2,2,24.79,61.6,3.11,ACTIVE,23.0
2026-08-26 06:19:44,zone_6,Office 2,3,3,24.59,51.6,3.02,ACTIVE,23.0
2026-08-26 06:19:44,zone_7,Meeting Room,3,3,25.22,59.1,4.39,ACTIVE,23.0
2026-08-26 06:19:44,zone_8,Server Room,0,0,22.5,55.0,4.5,ACTIVE,23.0
2026-08-26 06:19:44,zone_9,Corridor,2,2,27.16,64.2,3.42,ACTIVE,23.0
2026-08-26 06:19:44,zone_10,Auditorium,10,10,25.55,51.8,16.58,ACTIVE,23.0
2026-08-26 06:34:44,zone_1,Classroom 1,3,3,23.53,57.6,3.28,ACTIVE,23.0
2026-08-26 06:34:44,zone_2,Classroom 2,1,1,25.79,52.2,5.85,ACTIVE,23.0
2026-08-26 06:34:44,zone_3,Lab 1,5,5,25.43,55.8,7.97,ACTIVE,23.0
2026-08-26 06:34:44,zone_4,Lab 2,4,4,26.7,61.4,9.99,ACTIVE,23.0
2026-08-26 06:34:44,zone_5,Office 1,2,2,23.54,51.7,2.17,ACTIVE,23.0
2026-08-26 06:34:44,zone_6,Office 2,0,0,25.33,50.0,3.41,ACTIVE,23.0
2026-08-26 06:34:44,zone_7,Meeting Room,1,1,24.85,58.5,3.93,ACTIVE,23.0
2026-08-26 06:34:44,zone_8,Server Room,0,0,21.9,52.8,4.5,ACTIVE,23.0
2026-08-26 06:34:44,zone_9,Corridor,3,3,24.96,60.7,2.31,ACTIVE,23.0
2026-08-26 06:34:44,zone_10,Auditorium,8,8,25.7,53.6,17.03,ACTIVE,23.0
2026-08-26 06:49:44,zone_1,Classroom 1,8,8,24.39,62.9,4.47,ACTIVE,23.0
2026-08-26 06:49:44,zone_2,Classroom 2,8,8,26.29,61.4,6.69,ACTIVE,23.0
2026-08-26 06:49:44,zone_3,Lab 1,1,1,26.51,59.5,9.46,ACTIVE,23.0
2026-08-26 06:49:44,zone_4,Lab 2,6,6,27.15,58.7,10.63,ACTIVE,23.0
2026-08-26 06:49:44,zone_5,Office 1,3,3,22.97,53.1,1.81,ACTIVE,23.0
2026-08-26 06:49:44,zone_6,Office 2,1,1,25.3,51.2,3.44,ACTIVE,23.0
2026-08-26 06:49:44,zone_7,Meeting Room,3,3,23.77,57.0,3.0,ACTIVE,23.0
2026-08-26 06:49:44,zone_8,Server Room,0,0,21.01,57.0,4.5,ACTIVE,23.0
2026-08-26 06:49:44,zone_9,Corridor,11,10,27.78,50.3,3.52,ACTIVE,23.0
2026-08-26 06:49:44,zone_10,Auditorium,6,6,25.79,53.1,17.28,ACTIVE,23.0
2026-08-26 07:04:44,zone_1,Classroom 1,6,6,25.2,53.6,5.34,ACTIVE,23.0
2026-08-26 07:04:44,zone_2,Classroom 2,3,3,24.9,54.2,4.88,ACTIVE,23.0
2026-08-26 07:04:44,zone_3,Lab 1,4,4,24.29,53.5,6.02,ACTIVE,23.0
2026-08-26 07:04:44,zone_4,Lab 2,3,3,25.27,54.1,7.56,ACTIVE,23.0
2026-08-26 07:04:44,zone_5,Office 1,2,2,23.07,56.5,1.81,ACTIVE,23.0
2026-08-26 07:04:44,zone_6,Office 2,2,2,23.75,50.2,2.33,ACTIVE,23.0
2026-08-26 07:04:44,zone_7,Meeting Room,1,1,25.44,57.6,4.5,ACTIVE,23.0
2026-08-26 07:04:44,zone_8,Server Room,0,0,23.67,62.3,5.88,ACTIVE,23.0
2026-08-26 07:04:44,zone_9,Corridor,9,9,25.85,58.9,2.88,ACTIVE,23.0
2026-08-26 07:04:44,zone_10,Auditorium,14,13,27.8,57.2,21.66,ACTIVE,23.0
2026-08-26 07:19:44,zone_1,Classroom 1,8,8,24.38,56.6,4.45,ACTIVE,23.0
2026-08-26 07:19:44,zone_2,Classroom 2,2,2,25.8,59.4,5.9,ACTIVE,23.0
2026-08-26 07:19:44,zone_3,Lab 1,5,5,26.09,62.1,9.06,ACTIVE,23.0
2026-08-26 07:19:44,zone_4,Lab 2,2,2,25.03,63.5,7.09,ACTIVE,23.0
2026-08-26 07:19:44,zone_5,Office 1,2,2,23.72,64.8,2.3,ACTIVE,23.0
2026-08-26 07:19:44,zone_6,Office 2,1,1,23.75,55.1,2.27,ACTIVE,23.0
2026-08-26 07:19:44,zone_7,Meeting Room,1,1,23.15,54.7,2.3,ACTIVE,23.0
2026-08-26 07:19:44,zone_8,Server Room,0,0,22.51,54.5,4.5,ACTIVE,23.0
2026-08-26 07:19:44,zone_9,Corridor,12,11,26.9,55.5,3.48,ACTIVE,23.0
2026-08-26 07:19:44,zone_10,Auditorium,17,16,25.66,52.6,17.14,ACTIVE,23.0
2026-08-26 07:34:44,zone_1,Classroom 1,4,4,24.81,62.0,4.81,ACTIVE,23.0
2026-08-26 07:34:44,zone_2,Classroom 2,2,2,24.25,51.5,4.08,ACTIVE,23.0
2026-08-26 07:34:44,zone_3,Lab 1,4,4,25.87,63.7,8.62,ACTIVE,23.0
2026-08-26 07:34:44,zone_4,Lab 2,1,1,25.99,63.6,8.61,ACTIVE,23.0
2026-08-26 07:34:44,zone_5,Office 1,3,3,24.79,64.3,3.17,ACTIVE,23.0
2026-08-26 07:34:44,zone_6,Office 2,3,3,23.14,55.5,1.92,ACTIVE,23.0
2026-08-26 07:34:44,zone_7,Meeting Room,1,1,25.25,55.4,4.32,ACTIVE,23.0
2026-08-26 07:34:44,zone_8,Server Room,0,0,23.25,59.7,5.02,ACTIVE,23.0
2026-08-26 07:34:44,zone_9,Corridor,11,10,27.71,53.9,3.52,ACTIVE,23.0
2026-08-26 07:34:44,zone_10,Auditorium,14,13,26.64,63.7,20.42,ACTIVE,23.0
2026-08-26 07:49:44,zone_1,Classroom 1,5,5,23.99,54.7,3.89,ACTIVE,23.0
2026-08-26 07:49:44,zone_2,Classroom 2,6,6,25.37,56.2,5.54,ACTIVE,23.0
2026-08-26 07:49:44,zone_3,Lab 1,5,5,26.66,53.3,10.0,ACTIVE,23.0
2026-08-26 07:49:44,zone_4,Lab 2,2,2,26.61,58.4,9.7,ACTIVE,23.0
2026-08-26 07:49:44,zone_5,Office 1,1,1,24.56,63.5,2.89,ACTIVE,23.0
2026-08-26 07:49:44,zone_6,Office 2,0,0,25.34,57.1,3.42,ACTIVE,23.0
2026-08-26 07:49:44,zone_7,Meeting Room,4,4,25.81,55.9,5.01,ACTIVE,23.0
2026-08-26 07:49:44,zone_8,Server Room,0,0,23.41,58.3,5.35,ACTIVE,23.0
2026-08-26 07:49:44,zone_9,Corridor,8,8,25.27,59.3,2.54,ACTIVE,23.0
2026-08-26 07:49:44,zone_10,Auditorium,25,24,26.38,52.1,19.87,ACTIVE,23.0
2026-08-26 08:04:44,zone_1,Classroom 1,9,9,25.16,61.1,5.4,ACTIVE,23.0
2026-08-26 08:04:44,zone_2,Classroom 2,8,8,26.29,59.0,6.69,ACTIVE,23.0
2026-08-26 08:04:44,zone_3,Lab 1,3,3,24.92,60.8,6.98,ACTIVE,23.0
2026-08-26 08:04:44,zone_4,Lab 2,4,4,26.94,52.6,10.39,ACTIVE,23.0
2026-08-26 08:04:44,zone_5,Office 1,5,5,24.5,56.5,3.06,ACTIVE,23.0
2026-08-26 08:04:44,zone_6,Office 2,6,6,24.68,51.2,3.25,ACTIVE,23.0
2026-08-26 08:04:44,zone_7,Meeting Room,2,2,24.82,58.4,3.96,ACTIVE,23.0
2026-08-26 08:04:44,zone_8,Server Room,3,3,22.71,57.3,6.19,ACTIVE,23.0
2026-08-26 08:04:44,zone_9,Corridor,17,16,25.58,60.7,2.81,ACTIVE,23.0
2026-08-26 08:04:44,zone_10,Auditorium,8,8,26.03,50.6,18.17,ACTIVE,23.0
2026-08-26 08:19:44,zone_1,Classroom 1,9,9,24.04,58.1,4.09,ACTIVE,23.0
2026-08-26 08:19:44,zone_2,Classroom 2,7,7,23.87,58.2,3.82,ACTIVE,23.0
2026-08-26 08:19:44,zone_3,Lab 1,8,8,25.93,63.4,9.01,ACTIVE,23.0
2026-08-26 08:19:44,zone_4,Lab 2,5,5,25.77,63.0,8.53,ACTIVE,23.0
2026-08-26 08:19:44,zone_5,Office 1,4,4,23.02,51.5,1.89,ACTIVE,23.0
2026-08-26 08:19:44,zone_6,Office 2,3,3,23.25,56.0,2.0,ACTIVE,23.0
2026-08-26 08:19:44,zone_7,Meeting Room,3,3,24.6,60.5,3.8,ACTIVE,23.0
2026-08-26 08:19:44,zone_8,Server Room,2,2,22.24,57.3,5.62,ACTIVE,23.0
2026-08-26 08:19:44,zone_9,Corridor,11,10,25.5,59.2,2.7,ACTIVE,23.0
2026-08-26 08:19:44,zone_10,Auditorium,5,5,25.17,52.6,15.12,ACTIVE,23.0
2026-08-26 08:34:44,zone_1,Classroom 1,4,4,24.44,58.5,4.38,ACTIVE,23.0
2026-08-26 08:34:44,zone_2,Classroom 2,10,10,26.62,62.6,7.15,ACTIVE,23.0
2026-08-26 08:34:44,zone_3,Lab 1,8,8,26.97,60.7,10.73,ACTIVE,23.0
2026-08-26 08:34:44,zone_4,Lab 2,3,3,25.23,58.0,7.5,ACTIVE,23.0
2026-08-26 08:34:44,zone_5,Office 1,6,6,25.13,61.0,3.59,ACTIVE,23.0
2026-08-26 08:34:44,zone_6,Office 2,6,6,23.5,52.1,2.36,ACTIVE,23.0
2026-08-26 08:34:44,zone_7,Meeting Room,2,2,25.05,59.8,4.18,ACTIVE,23.0
2026-08-26 08:34:44,zone_8,Server Room,2,2,22.33,63.6,5.62,ACTIVE,23.0
2026-08-26 08:34:44,zone_9,Corridor,25,24,27.27,64.2,3.69,ACTIVE,23.0
2026-08-26 08:34:44,zone_10,Auditorium,4,4,27.2,63.7,21.37,ACTIVE,23.0
2026-08-26 08:49:44,zone_1,Classroom 1,5,5,25.73,57.5,5.92,ACTIVE,23.0
2026-08-26 08:49:44,zone_2,Classroom 2,15,14,26.72,51.6,7.41,ACTIVE,23.0
2026-08-26 08:49:44,zone_3,Lab 1,4,4,24.35,57.8,6.12,ACTIVE,23.0
2026-08-26 08:49:44,zone_4,Lab 2,5,5,24.82,56.8,6.96,ACTIVE,23.0
2026-08-26 08:49:44,zone_5,Office 1,4,4,23.36,65.0,2.14,ACTIVE,23.0
2026-08-26 08:49:44,zone_6,Office 2,4,4,23.98,62.9,2.61,ACTIVE,23.0
2026-08-26 08:49:44,zone_7,Meeting Room,2,2,25.52,57.4,4.63,ACTIVE,23.0
2026-08-26 08:49:44,zone_8,Server Room,3,3,22.95,64.7,6.19,ACTIVE,23.0
2026-08-26 08:49:44,zone_9,Corridor,10,10,26.89,59.6,3.46,ACTIVE,23.0
2026-08-26 08:49:44,zone_10,Auditorium,3,3,26.77,54.3,20.55,ACTIVE,23.0
2026-08-26 09:04:44,zone_1,Classroom 1,29,28,26.51,57.9,7.67,ACTIVE,23.0
2026-08-26 09:04:44,zone_2,Classroom 2,22,21,27.02,55.3,7.99,ACTIVE,23.0
2026-08-26 09:04:44,zone_3,Lab 1,7,7,26.99,56.7,10.69,ACTIVE,23.0
2026-08-26 09:04:44,zone_4,Lab 2,6,6,25.47,58.6,8.11,ACTIVE,23.0
2026-08-26 09:04:44,zone_5,Office 1,12,11,24.89,59.1,3.68,ACTIVE,23.0
2026-08-26 09:04:44,zone_6,Office 2,13,12,26.54,54.2,4.99,ACTIVE,23.0
2026-08-26 09:04:44,zone_7,Meeting Room,1,1,25.71,52.6,4.76,ACTIVE,23.0
2026-08-26 09:04:44,zone_8,Server Room,1,1,24.03,50.2,7.19,ACTIVE,23.0
2026-08-26 09:04:44,zone_9,Corridor,26,25,27.48,54.8,3.7,ACTIVE,23.0
2026-08-26 09:04:44,zone_10,Auditorium,5,5,25.67,64.9,16.84,ACTIVE,23.0
2026-08-26 09:19:44,zone_1,Classroom 1,30,29,26.68,50.2,7.91,ACTIVE,23.0
2026-08-26 09:19:44,zone_2,Classroom 2,28,27,25.74,55.3,6.74,ACTIVE,23.0
2026-08-26 09:19:44,zone_3,Lab 1,7,7,24.69,50.8,6.89,ACTIVE,23.0
2026-08-26 09:19:44,zone_4,Lab 2,7,7,24.91,57.2,7.26,ACTIVE,23.0
2026-08-26 09:19:44,zone_5,Office 1,10,10,24.46,62.7,3.3,ACTIVE,23.0
2026-08-26 09:19:44,zone_6,Office 2,10,10,23.81,62.7,2.81,ACTIVE,23.0
2026-08-26 09:19:44,zone_7,Meeting Room,3,3,24.11,60.0,3.33,ACTIVE,23.0
2026-08-26 09:19:44,zone_8,Server Room,2,2,24.19,61.5,8.08,ACTIVE,23.0
2026-08-26 09:19:44,zone_9,Corridor,17,16,26.42,57.1,3.27,ACTIVE,23.0
2026-08-26 09:19:44,zone_10,Auditorium,0,0,25.7,58.1,16.78,ACTIVE,23.0
2026-08-26 09:34:44,zone_1,Classroom 1,26,25,24.9,58.9,5.68,ACTIVE,23.0
2026-08-26 09:34:44,zone_2,Classroom 2,28,27,26.55,53.6,7.68,ACTIVE,23.0
2026-08-26 09:34:44,zone_3,Lab 1,3,3,24.7,53.7,6.62,ACTIVE,23.0
2026-08-26 09:34:44,zone_4,Lab 2,5,5,24.96,55.8,7.19,ACTIVE,23.0
2026-08-26 09:34:44,zone_5,Office 1,14,13,25.73,57.6,4.43,ACTIVE,23.0
2026-08-26 09:34:44,zone_6,Office 2,14,13,26.03,57.2,4.66,ACTIVE,23.0
2026-08-26 09:34:44,zone_7,Meeting Room,3,3,24.64,64.8,3.84,ACTIVE,23.0
2026-08-26 09:34:44,zone_8,Server Room,3,3,24.45,55.4,9.18,ACTIVE,23.0
2026-08-26 09:34:44,zone_9,Corridor,22,21,26.59,60.8,3.43,ACTIVE,23.0
2026-08-26 09:34:44,zone_10,Auditorium,4,4,25.2,56.5,15.19,ACTIVE,23.0
2026-08-26 09:49:44,zone_1,Classroom 1,29,28,26.2,55.7,7.31,ACTIVE,23.0
2026-08-26 09:49:44,zone_2,Classroom 2,32,30,25.8,53.3,6.92,ACTIVE,23.0
2026-08-26 09:49:44,zone_3,Lab 1,3,3,24.89,62.4,6.93,ACTIVE,23.0
2026-08-26 09:49:44,zone_4,Lab 2,6,6,24.45,53.2,6.42,ACTIVE,23.0
2026-08-26 09:49:44,zone_5,Office 1,13,12,24.65,62.0,3.56,ACTIVE,23.0
2026-08-26 09:49:44,zone_6,Office 2,12,11,23.86,63.1,2.91,ACTIVE,23.0
2026-08-26 09:49:44,zone_7,Meeting Room,4,4,24.17,53.5,3.44,ACTIVE,23.0
2026-08-26 09:49:44,zone_8,Server Room,2,2,21.96,54.2,5.62,ACTIVE,23.0
2026-08-26 09:49:44,zone_9,Corridor,16,15,27.24,52.9,3.58,ACTIVE,23.0
2026-08-26 09:49:44,zone_10,Auditorium,8,8,26.1,61.7,18.41,ACTIVE,23.0
2026-08-26 10:04:44,zone_1,Classroom 1,21,20,26.34,52.7,7.18,ACTIVE,23.0
2026-08-26 10:04:44,zone_2,Classroom 2,20,19,24.55,51.2,5.05,ACTIVE,23.0
2026-08-26 10:04:44,zone_3,Lab 1,22,21,27.09,60.6,11.71,ACTIVE,23.0
2026-08-26 10:04:44,zone_4,Lab 2,12,11,25.85,54.8,9.09,ACTIVE,23.0
2026-08-26 10:04:44,zone_5,Office 1,9,9,23.38,58.1,2.43,ACTIVE,23.0
2026-08-26 10:04:44,zone_6,Office 2,11,10,24.04,59.5,2.99,ACTIVE,23.0
2026-08-26 10:04:44,zone_7,Meeting Room,18,17,26.92,60.4,6.77,ACTIVE,23.0
2026-08-26 10:04:44,zone_8,Server Room,2,2,23.19,58.3,6.02,ACTIVE,23.0
2026-08-26 10:04:44,zone_9,Corridor,28,27,26.27,62.4,3.32,ACTIVE,23.0
2026-08-26 10:04:44,zone_10,Auditorium,5,5,27.11,52.1,21.41,ACTIVE,23.0
2026-08-26 10:19:44,zone_1,Classroom 1,24,23,26.61,60.0,7.61,ACTIVE,23.0
2026-08-26 10:19:44,zone_2,Classroom 2,32,30,26.57,62.7,7.82,ACTIVE,23.0
2026-08-26 10:19:44,zone_3,Lab 1,17,16,26.35,58.2,10.28,ACTIVE,23.0
2026-08-26 10:19:44,zone_4,Lab 2,13,12,26.15,62.9,9.66,ACTIVE,23.0
2026-08-26 10:19:44,zone_5,Office 1,12,11,25.97,58.8,4.5,ACTIVE,23.0
2026-08-26 10:19:44,zone_6,Office 2,14,13,24.56,51.7,3.55,ACTIVE,23.0
2026-08-26 10:19:44,zone_7,Meeting Room,11,10,24.55,51.4,4.12,ACTIVE,23.0
2026-08-26 10:19:44,zone_8,Server Room,3,3,24.28,59.2,8.83,ACTIVE,23.0
2026-08-26 10:19:44,zone_9,Corridor,20,19,26.71,63.7,3.47,ACTIVE,23.0
2026-08-26 10:19:44,zone_10,Auditorium,3,3,28.03,59.9,21.34,ACTIVE,23.0
2026-08-26 10:34:44,zone_1,Classroom 1,32,30,25.48,56.4,6.54,ACTIVE,23.0
2026-08-26 10:34:44,zone_2,Classroom 2,33,31,27.01,52.8,8.35,ACTIVE,23.0
2026-08-26 10:34:44,zone_3,Lab 1,17,16,26.27,50.6,10.15,ACTIVE,23.0
2026-08-26 10:34:44,zone_4,Lab 2,11,10,27.58,59.1,10.92,ACTIVE,23.0
2026-08-26 10:34:44,zone_5,Office 1,11,10,25.81,57.1,4.33,ACTIVE,23.0
2026-08-26 10:34:44,zone_6,Office 2,13,12,24.15,62.5,3.18,ACTIVE,23.0
2026-08-26 10:34:44,zone_7,Meeting Room,14,13,25.36,53.9,5.05,ACTIVE,23.0
2026-08-26 10:34:44,zone_8,Server Room,3,3,23.97,55.3,8.19,ACTIVE,23.0
2026-08-26 10:34:44,zone_9,Corridor,22,21,26.97,58.1,3.64,ACTIVE,23.0
2026-08-26 10:34:44,zone_10,Auditorium,4,4,26.73,64.0,20.45,ACTIVE,23.0
2026-08-26 10:49:44,zone_1,Classroom 1,31,30,25.44,55.6,6.49,ACTIVE,23.0
2026-08-26 10:49:44,zone_2,Classroom 2,22,21,26.35,62.4,7.23,ACTIVE,23.0
2026-08-26 10:49:44,zone_3,Lab 1,24,23,25.46,64.1,9.32,ACTIVE,23.0
2026-08-26 10:49:44,zone_4,Lab 2,14,13,26.76,52.3,10.74,ACTIVE,23.0
2026-08-26 10:49:44,zone_5,Office 1,12,11,24.17,58.5,3.14,ACTIVE,23.0
2026-08-26 10:49:44,zone_6,Office 2,10,10,25.29,52.5,3.93,ACTIVE,23.0
2026-08-26 10:49:44,zone_7,Meeting Room,20,19,26.28,64.3,6.25,ACTIVE,23.0
2026-08-26 10:49:44,zone_8,Server Room,2,2,24.3,56.0,8.31,ACTIVE,23.0
2026-08-26 10:49:44,zone_9,Corridor,16,15,25.76,57.2,2.9,ACTIVE,23.0
2026-08-26 10:49:44,zone_10,Auditorium,5,5,27.09,55.5,21.41,ACTIVE,23.0
2026-08-26 11:04:44,zone_1,Classroom 1,25,24,26.5,62.2,7.52,ACTIVE,23.0
2026-08-26 11:04:44,zone_2,Classroom 2,28,27,26.17,51.3,7.24,ACTIVE,23.0
2026-08-26 11:04:44,zone_3,Lab 1,11,10,25.11,50.6,7.8,ACTIVE,23.0
2026-08-26 11:04:44,zone_4,Lab 2,13,12,27.29,50.2,11.06,ACTIVE,23.0
2026-08-26 11:04:44,zone_5,Office 1,13,12,26.15,57.0,4.69,ACTIVE,23.0
2026-08-26 11:04:44,zone_6,Office 2,12,11,24.93,63.2,3.71,ACTIVE,23.0
2026-08-26 11:04:44,zone_7,Meeting Room,13,12,26.25,50.4,5.86,ACTIVE,23.0
2026-08-26 11:04:44,zone_8,Server Room,2,2,24.32,59.1,8.35,ACTIVE,23.0
2026-08-26 11:04:44,zone_9,Corridor,23,22,25.99,55.7,3.11,ACTIVE,23.0
2026-08-26 11:04:44,zone_10,Auditorium,6,6,27.66,54.1,21.44,ACTIVE,23.0
2026-08-26 11:19:44,zone_1,Classroom 1,33,31,26.94,58.5,8.28,ACTIVE,23.0
2026-08-26 11:19:44,zone_2,Classroom 2,31,30,24.69,61.3,5.62,ACTIVE,23.0
2026-08-26 11:19:44,zone_3,Lab 1,19,18,27.28,64.5,11.5,ACTIVE,23.0
2026-08-26 11:19:44,zone_4,Lab 2,18,17,26.77,55.9,11.04,ACTIVE,23.0
2026-08-26 11:19:44,zone_5,Office 1,15,14,24.5,53.2,3.55,ACTIVE,23.0
2026-08-26 11:19:44,zone_6,Office 2,12,11,24.78,53.3,3.6,ACTIVE,23.0
2026-08-26 11:19:44,zone_7,Meeting Room,12,11,23.55,62.8,3.21,ACTIVE,23.0
2026-08-26 11:19:44,zone_8,Server Room,1,1,22.69,54.9,5.06,ACTIVE,23.0
2026-08-26 11:19:44,zone_9,Corridor,11,10,27.59,64.9,3.52,ACTIVE,23.0
2026-08-26 11:19:44,zone_10,Auditorium,5,5,26.44,51.9,19.48,ACTIVE,23.0
2026-08-26 11:34:44,zone_1,Classroom 1,24,23,26.49,58.5,7.47,ACTIVE,23.0
2026-08-26 11:34:44,zone_2,Classroom 2,24,23,25.93,64.4,6.81,ACTIVE,23.0
2026-08-26 11:34:44,zone_3,Lab 1,21,20,27.57,63.9,11.64,ACTIVE,23.0
2026-08-26 11:34:44,zone_4,Lab 2,15,14,26.41,63.7,10.23,ACTIVE,23.0
2026-08-26 11:34:44,zone_5,Office 1,15,14,23.72,55.5,2.96,ACTIVE,23.0
2026-08-26 11:34:44,zone_6,Office 2,14,13,24.77,58.1,3.7,ACTIVE,23.0
2026-08-26 11:34:44,zone_7,Meeting Room,12,11,25.17,63.6,4.77,ACTIVE,23.0
2026-08-26 11:34:44,zone_8,Server Room,2,2,23.97,52.2,7.63,ACTIVE,23.0
2026-08-26 11:34:44,zone_9,Corridor,9,9,24.96,58.7,2.39,ACTIVE,23.0
2026-08-26 11:34:44,zone_10,Auditorium,5,5,27.39,54.1,21.41,ACTIVE,23.0
2026-08-26 11:49:44,zone_1,Classroom 1,31,30,25.44,61.2,6.49,ACTIVE,23.0
2026-08-26 11:49:44,zone_2,Classroom 2,25,24,26.13,50.4,7.08,ACTIVE,23.0
2026-08-26 11:49:44,zone_3,Lab 1,17,16,27.35,58.7,11.35,ACTIVE,23.0
2026-08-26 11:49:44,zone_4,Lab 2,11,10,27.2,55.0,10.92,ACTIVE,23.0
2026-08-26 11:49:44,zone_5,Office 1,10,10,24.04,50.9,2.99,ACTIVE,23.0
2026-08-26 11:49:44,zone_6,Office 2,13,12,26.3,50.9,4.81,ACTIVE,23.0
2026-08-26 11:49:44,zone_7,Meeting Room,19,18,27.02,54.7,6.9,ACTIVE,23.0
2026-08-26 11:49:44,zone_8,Server Room,2,2,24.52,60.9,8.76,ACTIVE,23.0
2026-08-26 11:49:44,zone_9,Corridor,16,15,25.41,60.5,2.71,ACTIVE,23.0
2026-08-26 11:49:44,zone_10,Auditorium,5,5,26.26,60.7,18.86,ACTIVE,23.0
2026-08-26 12:04:44,zone_1,Classroom 1,7,7,25.05,50.4,5.2,ACTIVE,23.0
2026-08-26 12:04:44,zone_2,Classroom 2,10,10,25.44,50.9,5.77,ACTIVE,23.0
2026-08-26 12:04:44,zone_3,Lab 1,14,13,26.77,61.4,10.76,ACTIVE,23.0
2026-08-26 12:04:44,zone_4,Lab 2,20,19,26.64,56.5,10.97,ACTIVE,23.0
2026-08-26 12:04:44,zone_5,Office 1,15,14,24.79,61.5,3.77,ACTIVE,23.0
2026-08-26 12:04:44,zone_6,Office 2,12,11,26.55,64.5,4.94,ACTIVE,23.0
2026-08-26 12:04:44,zone_7,Meeting Room,2,2,25.54,57.5,4.65,ACTIVE,23.0
2026-08-26 12:04:44,zone_8,Server Room,2,2,22.04,53.2,5.62,ACTIVE,23.0
2026-08-26 12:04:44,zone_9,Corridor,16,15,26.84,63.3,3.49,ACTIVE,23.0
2026-08-26 12:04:44,zone_10,Auditorium,8,8,27.29,50.1,21.5,ACTIVE,23.0
2026-08-26 12:19:44,zone_1,Classroom 1,5,5,24.6,51.3,4.6,ACTIVE,23.0
2026-08-26 12:19:44,zone_2,Classroom 2,14,13,25.71,64.4,6.19,ACTIVE,23.0
2026-08-26 12:19:44,zone_3,Lab 1,23,22,27.48,61.1,11.78,ACTIVE,23.0
2026-08-26 12:19:44,zone_4,Lab 2,17,16,26.3,59.7,10.2,ACTIVE,23.0
2026-08-26 12:19:44,zone_5,Office 1,12,11,25.27,51.8,3.97,ACTIVE,23.0
2026-08-26 12:19:44,zone_6,Office 2,13,12,24.67,52.9,3.57,ACTIVE,23.0
2026-08-26 12:19:44,zone_7,Meeting Room,1,1,25.26,58.3,4.33,ACTIVE,23.0
2026-08-26 12:19:44,zone_8,Server Room,2,2,23.34,50.3,6.33,ACTIVE,23.0
2026-08-26 12:19:44,zone_9,Corridor,12,11,27.2,58.9,3.53,ACTIVE,23.0
2026-08-26 12:19:44,zone_10,Auditorium,9,9,26.13,53.8,18.54,ACTIVE,23.0
2026-08-26 12:34:44,zone_1,Classroom 1,4,4,25.56,52.6,5.69,ACTIVE,23.0
2026-08-26 12:34:44,zone_2,Classroom 2,14,13,23.94,54.3,4.12,ACTIVE,23.0
2026-08-26 12:34:44,zone_3,Lab 1,20,19,27.79,51.0,11.57,ACTIVE,23.0
2026-08-26 12:34:44,zone_4,Lab 2,13,12,25.94,52.5,9.32,ACTIVE,23.0
2026-08-26 12:34:44,zone_5,Office 1,12,11,23.45,63.5,2.6,ACTIVE,23.0
2026-08-26 12:34:44,zone_6,Office 2,12,11,23.63,63.4,2.73,ACTIVE,23.0
2026-08-26 12:34:44,zone_7,Meeting Room,5,5,24.73,50.7,4.03,ACTIVE,23.0
2026-08-26 12:34:44,zone_8,Server Room,3,3,24.59,50.5,9.47,ACTIVE,23.0
2026-08-26 12:34:44,zone_9,Corridor,10,10,26.96,62.2,3.5,ACTIVE,23.0
2026-08-26 12:34:44,zone_10,Auditorium,9,9,27.88,63.9,21.53,ACTIVE,23.0
2026-08-26 12:49:44,zone_1,Classroom 1,6,6,24.99,58.3,5.09,ACTIVE,23.0
2026-08-26 12:49:44,zone_2,Classroom 2,10,10,25.33,63.9,5.64,ACTIVE,23.0
2026-08-26 12:49:44,zone_3,Lab 1,23,22,26.59,61.3,11.11,ACTIVE,23.0
2026-08-26 12:49:44,zone_4,Lab 2,16,15,26.41,50.6,10.31,ACTIVE,23.0
2026-08-26 12:49:44,zone_5,Office 1,14,13,25.59,64.7,4.32,ACTIVE,23.0
2026-08-26 12:49:44,zone_6,Office 2,11,10,26.42,53.7,4.79,ACTIVE,23.0
2026-08-26 12:49:44,zone_7,Meeting Room,3,3,23.49,50.9,2.73,ACTIVE,23.0
2026-08-26 12:49:44,zone_8,Server Room,2,2,22.76,51.6,5.62,ACTIVE,23.0
2026-08-26 12:49:44,zone_9,Corridor,27,26,28.26,61.0,3.71,ACTIVE,23.0
2026-08-26 12:49:44,zone_10,Auditorium,6,6,25.48,57.8,16.21,ACTIVE,23.0
2026-08-26 13:04:44,zone_1,Classroom 1,9,9,26.16,61.0,6.57,ACTIVE,23.0
2026-08-26 13:04:44,zone_2,Classroom 2,12,11,25.19,59.8,5.51,ACTIVE,23.0
2026-08-26 13:04:44,zone_3,Lab 1,20,19,27.06,63.1,11.57,ACTIVE,23.0
2026-08-26 13:04:44,zone_4,Lab 2,22,21,25.36,56.5,9.01,ACTIVE,23.0
2026-08-26 13:04:44,zone_5,Office 1,11,10,26.27,62.3,4.67,ACTIVE,23.0
2026-08-26 13:04:44,zone_6,Office 2,13,12,24.36,60.3,3.34,ACTIVE,23.0
2026-08-26 13:04:44,zone_7,Meeting Room,2,2,22.91,52.1,2.21,ACTIVE,23.0
2026-08-26 13:04:44,zone_8,Server Room,3,3,23.68,63.9,7.59,ACTIVE,23.0
2026-08-26 13:04:44,zone_9,Corridor,22,21,27.71,62.1,3.65,ACTIVE,23.0
2026-08-26 13:04:44,zone_10,Auditorium,10,10,27.92,63.0,21.56,ACTIVE,23.0
2026-08-26 13:19:44,zone_1,Classroom 1,9,9,25.81,52.0,6.16,ACTIVE,23.0
2026-08-26 13:19:44,zone_2,Classroom 2,10,10,24.61,55.4,4.8,ACTIVE,23.0
2026-08-26 13:19:44,zone_3,Lab 1,10,10,26.98,51.0,10.89,ACTIVE,23.0
2026-08-26 13:19:44,zone_4,Lab 2,11,10,26.46,60.5,10.03,ACTIVE,23.0
2026-08-26 13:19:44,zone_5,Office 1,13,12,26.22,56.3,4.75,ACTIVE,23.0
2026-08-26 13:19:44,zone_6,Office 2,9,9,26.16,60.3,4.53,ACTIVE,23.0
2026-08-26 13:19:44,zone_7,Meeting Room,0,0,23.99,53.9,3.05,ACTIVE,23.0
2026-08-26 13:19:44,zone_8,Server Room,1,1,22.0,52.9,5.06,ACTIVE,23.0
2026-08-26 13:19:44,zone_9,Corridor,20,19,26.51,55.2,3.36,ACTIVE,23.0
2026-08-26 13:19:44,zone_10,Auditorium,5,5,27.92,54.2,21.41,ACTIVE,23.0
2026-08-26 13:34:44,zone_1,Classroom 1,9,9,25.25,62.0,5.51,ACTIVE,23.0
2026-08-26 13:34:44,zone_2,Classroom 2,7,7,26.21,57.8,6.56,ACTIVE,23.0
2026-08-26 13:34:44,zone_3,Lab 1,17,16,24.74,50.6,7.62,ACTIVE,23.0
2026-08-26 13:34:44,zone_4,Lab 2,19,18,26.47,62.5,10.62,ACTIVE,23.0
2026-08-26 13:34:44,zone_5,Office 1,14,13,26.27,56.5,4.84,ACTIVE,23.0
2026-08-26 13:34:44,zone_6,Office 2,10,10,24.05,57.9,2.99,ACTIVE,23.0
2026-08-26 13:34:44,zone_7,Meeting Room,3,3,24.47,54.3,3.67,ACTIVE,23.0
2026-08-26 13:34:44,zone_8,Server Room,2,2,22.72,64.4,5.62,ACTIVE,23.0
2026-08-26 13:34:44,zone_9,Corridor,21,20,25.16,53.9,2.63,ACTIVE,23.0
2026-08-26 13:34:44,zone_10,Auditorium,11,10,26.74,63.8,20.67,ACTIVE,23.0
2026-08-26 13:49:44,zone_1,Classroom 1,4,4,25.07,58.8,5.11,ACTIVE,23.0
2026-08-26 13:49:44,zone_2,Classroom 2,14,13,26.65,52.8,7.29,ACTIVE,23.0
2026-08-26 13:49:44,zone_3,Lab 1,13,12,25.5,53.6,8.59,ACTIVE,23.0
2026-08-26 13:49:44,zone_4,Lab 2,20,19,27.5,58.1,11.57,ACTIVE,23.0
2026-08-26 13:49:44,zone_5,Office 1,16,15,26.5,62.5,5.12,ACTIVE,23.0
2026-08-26 13:49:44,zone_6,Office 2,14,13,26.75,52.8,5.2,ACTIVE,23.0
2026-08-26 13:49:44,zone_7,Meeting Room,4,4,23.08,51.7,2.39,ACTIVE,23.0
2026-08-26 13:49:44,zone_8,Server Room,3,3,22.63,56.5,6.19,ACTIVE,23.0
2026-08-26 13:49:44,zone_9,Corridor,27,26,25.83,53.4,3.07,ACTIVE,23.0
2026-08-26 13:49:44,zone_10,Auditorium,4,4,27.49,59.2,21.37,ACTIVE,23.0
2026-08-26 14:04:44,zone_1,Classroom 1,31,30,26.75,53.5,8.03,ACTIVE,23.0
2026-08-26 14:04:44,zone_2,Classroom 2,18,17,24.48,54.8,4.9,ACTIVE,23.0
2026-08-26 14:04:44,zone_3,Lab 1,14,13,25.77,62.3,9.11,ACTIVE,23.0
2026-08-26 14:04:44,zone_4,Lab 2,12,11,25.99,57.3,9.33,ACTIVE,23.0
2026-08-26 14:04:44,zone_5,Office 1,11,10,24.76,60.5,3.53,ACTIVE,23.0
2026-08-26 14:04:44,zone_6,Office 2,15,14,24.49,51.1,3.55,ACTIVE,23.0
2026-08-26 14:04:44,zone_7,Meeting Room,13,12,24.19,59.2,3.88,ACTIVE,23.0
2026-08-26 14:04:44,zone_8,Server Room,3,3,22.45,51.7,6.19,ACTIVE,23.0
2026-08-26 14:04:44,zone_9,Corridor,21,20,26.29,64.1,3.25,ACTIVE,23.0
2026-08-26 14:04:44,zone_10,Auditorium,83,79,26.23,56.1,21.07,ACTIVE,23.0
2026-08-26 14:19:44,zone_1,Classroom 1,22,21,23.94,59.1,4.41,ACTIVE,23.0
2026-08-26 14:19:44,zone_2,Classroom 2,28,27,25.81,64.3,6.82,ACTIVE,23.0
2026-08-26 14:19:44,zone_3,Lab 1,11,10,24.49,53.6,6.78,ACTIVE,23.0
2026-08-26 14:19:44,zone_4,Lab 2,13,12,25.34,61.6,8.32,ACTIVE,23.0
2026-08-26 14:19:44,zone_5,Office 1,11,10,24.48,52.8,3.32,ACTIVE,23.0
2026-08-26 14:19:44,zone_6,Office 2,14,13,26.7,50.8,5.16,ACTIVE,23.0
2026-08-26 14:19:44,zone_7,Meeting Room,18,17,24.19,52.8,4.14,ACTIVE,23.0
2026-08-26 14:19:44,zone_8,Server Room,3,3,23.57,64.3,7.36,ACTIVE,23.0
2026-08-26 14:19:44,zone_9,Corridor,17,16,26.83,50.1,3.5,ACTIVE,23.0
2026-08-26 14:19:44,zone_10,Auditorium,116,110,26.54,62.7,23.11,ACTIVE,23.0
2026-08-26 14:34:44,zone_1,Classroom 1,28,27,26.94,53.8,8.14,ACTIVE,23.0
2026-08-26 14:34:44,zone_2,Classroom 2,30,29,27.31,59.1,8.28,ACTIVE,23.0
2026-08-26 14:34:44,zone_3,Lab 1,20,19,26.54,62.7,10.81,ACTIVE,23.0
2026-08-26 14:34:44,zone_4,Lab 2,17,16,27.1,62.0,11.35,ACTIVE,23.0
2026-08-26 14:34:44,zone_5,Office 1,16,15,25.55,64.5,4.4,ACTIVE,23.0
2026-08-26 14:34:44,zone_6,Office 2,11,10,24.84,57.6,3.59,ACTIVE,23.0
2026-08-26 14:34:44,zone_7,Meeting Room,20,19,26.84,51.2,6.79,ACTIVE,23.0
2026-08-26 14:34:44,zone_8,Server Room,2,2,21.95,61.3,5.62,ACTIVE,23.0
2026-08-26 14:34:44,zone_9,Corridor,8,8,25.32,53.7,2.57,ACTIVE,23.0
2026-08-26 14:34:44,zone_10,Auditorium,110,105,26.55,61.1,22.98,ACTIVE,23.0
2026-08-26 14:49:44,zone_1,Classroom 1,21,20,24.78,54.2,5.36,ACTIVE,23.0
2026-08-26 14:49:44,zone_2,Classroom 2,29,28,25.38,62.3,6.35,ACTIVE,23.0
2026-08-26 14:49:44,zone_3,Lab 1,15,14,26.34,52.5,10.12,ACTIVE,23.0
2026-08-26 14:49:44,zone_4,Lab 2,15,14,26.65,54.7,10.63,ACTIVE,23.0
2026-08-26 14:49:44,zone_5,Office 1,9,9,24.17,51.4,3.03,ACTIVE,23.0
2026-08-26 14:49:44,zone_6,Office 2,11,10,23.73,58.3,2.75,ACTIVE,23.0
2026-08-26 14:49:44,zone_7,Meeting Room,13,12,24.75,56.3,4.41,ACTIVE,23.0
2026-08-26 14:49:44,zone_8,Server Room,1,1,23.27,60.8,5.62,ACTIVE,23.0
2026-08-26 14:49:44,zone_9,Corridor,7,7,26.97,64.4,3.47,ACTIVE,23.0
2026-08-26 14:49:44,zone_10,Auditorium,109,104,27.68,50.4,24.5,ACTIVE,23.0
2026-08-26 15:04:44,zone_1,Classroom 1,26,25,26.5,51.5,7.55,ACTIVE,23.0
2026-08-26 15:04:44,zone_2,Classroom 2,23,22,27.02,53.1,8.03,ACTIVE,23.0
2026-08-26 15:04:44,zone_3,Lab 1,21,20,25.08,62.0,8.47,ACTIVE,23.0
2026-08-26 15:04:44,zone_4,Lab 2,14,13,27.07,58.6,11.14,ACTIVE,23.0
2026-08-26 15:04:44,zone_5,Office 1,11,10,24.7,58.4,3.49,ACTIVE,23.0
2026-08-26 15:04:44,zone_6,Office 2,11,10,26.0,58.6,4.47,ACTIVE,23.0
2026-08-26 15:04:44,zone_7,Meeting Room,20,19,26.55,61.4,6.51,ACTIVE,23.0
2026-08-26 15:04:44,zone_8,Server Room,2,2,24.56,59.0,8.84,ACTIVE,23.0
2026-08-26 15:04:44,zone_9,Corridor,24,23,27.43,51.2,3.68,ACTIVE,23.0
2026-08-26 15:04:44,zone_10,Auditorium,109,104,26.98,52.5,24.43,ACTIVE,23.0
2026-08-26 15:19:44,zone_1,Classroom 1,25,24,24.82,55.4,5.55,ACTIVE,23.0
2026-08-26 15:19:44,zone_2,Classroom 2,27,26,25.09,52.3,5.94,ACTIVE,23.0
2026-08-26 15:19:44,zone_3,Lab 1,22,21,27.19,54.2,11.71,ACTIVE,23.0
2026-08-26 15:19:44,zone_4,Lab 2,13,12,25.07,54.9,7.88,ACTIVE,23.0
2026-08-26 15:19:44,zone_5,Office 1,15,14,24.25,55.8,3.37,ACTIVE,23.0
2026-08-26 15:19:44,zone_6,Office 2,10,10,25.47,58.3,4.07,ACTIVE,23.0
2026-08-26 15:19:44,zone_7,Meeting Room,18,17,24.95,53.9,4.87,ACTIVE,23.0
2026-08-26 15:19:44,zone_8,Server Room,3,3,24.2,52.7,8.66,ACTIVE,23.0
2026-08-26 15:19:44,zone_9,Corridor,17,16,25.95,58.0,3.01,ACTIVE,23.0
2026-08-26 15:19:44,zone_10,Auditorium,83,79,28.31,55.0,23.72,ACTIVE,23.0
2026-08-26 15:34:44,zone_1,Classroom 1,34,32,26.99,58.4,8.38,ACTIVE,23.0
2026-08-26 15:34:44,zone_2,Classroom 2,33,31,27.6,54.9,8.35,ACTIVE,23.0
2026-08-26 15:34:44,zone_3,Lab 1,16,15,25.09,54.9,8.13,ACTIVE,23.0
2026-08-26 15:34:44,zone_4,Lab 2,21,20,27.17,50.3,11.64,ACTIVE,23.0
2026-08-26 15:34:44,zone_5,Office 1,10,10,24.49,64.1,3.33,ACTIVE,23.0
2026-08-26 15:34:44,zone_6,Office 2,12,11,24.28,50.3,3.22,ACTIVE,23.0
2026-08-26 15:34:44,zone_7,Meeting Room,18,17,26.76,64.8,6.61,ACTIVE,23.0
2026-08-26 15:34:44,zone_8,Server Room,2,2,22.88,51.7,5.62,ACTIVE,23.0
2026-08-26 15:34:44,zone_9,Corridor,15,14,25.28,58.7,2.62,ACTIVE,23.0
2026-08-26 15:34:44,zone_10,Auditorium,113,108,27.15,59.9,24.62,ACTIVE,23.0
2026-08-26 15:49:44,zone_1,Classroom 1,17,16,25.16,50.0,5.66,ACTIVE,23.0
2026-08-26 15:49:44,zone_2,Classroom 2,22,21,26.16,50.8,7.01,ACTIVE,23.0
2026-08-26 15:49:44,zone_3,Lab 1,16,15,24.77,63.0,7.6,ACTIVE,23.0
2026-08-26 15:49:44,zone_4,Lab 2,17,16,25.73,56.1,9.26,ACTIVE,23.0
2026-08-26 15:49:44,zone_5,Office 1,13,12,23.66,54.0,2.81,ACTIVE,23.0
2026-08-26 15:49:44,zone_6,Office 2,13,12,26.38,55.1,4.87,ACTIVE,23.0
2026-08-26 15:49:44,zone_7,Meeting Room,18,17,24.56,56.1,4.49,ACTIVE,23.0
2026-08-26 15:49:44,zone_8,Server Room,3,3,24.66,61.3,9.61,ACTIVE,23.0
2026-08-26 15:49:44,zone_9,Corridor,14,13,25.89,59.4,2.95,ACTIVE,23.0
2026-08-26 15:49:44,zone_10,Auditorium,105,100,28.46,51.6,24.37,ACTIVE,23.0
2026-08-26 16:04:44,zone_1,Classroom 1,33,31,25.25,61.6,6.31,ACTIVE,23.0
2026-08-26 16:04:44,zone_2,Classroom 2,25,24,27.08,53.3,8.1,ACTIVE,23.0
2026-08-26 16:04:44,zone_3,Lab 1,23,22,25.26,62.2,8.91,ACTIVE,23.0
2026-08-26 16:04:44,zone_4,Lab 2,20,19,28.07,63.0,11.57,ACTIVE,23.0
2026-08-26 16:04:44,zone_5,Office 1,12,11,25.22,58.1,3.93,ACTIVE,23.0
2026-08-26 16:04:44,zone_6,Office 2,13,12,26.16,56.2,4.7,ACTIVE,23.0
2026-08-26 16:04:44,zone_7,Meeting Room,12,11,25.41,60.2,5.0,ACTIVE,23.0
2026-08-26 16:04:44,zone_8,Server Room,3,3,24.93,58.8,10.17,ACTIVE,23.0
2026-08-26 16:04:44,zone_9,Corridor,16,15,27.61,57.9,3.58,ACTIVE,23.0
2026-08-26 16:04:44,zone_10,Auditorium,88,84,26.67,59.8,22.74,ACTIVE,23.0
2026-08-26 16:19:44,zone_1,Classroom 1,32,30,25.24,56.0,6.26,ACTIVE,23.0
2026-08-26 16:19:44,zone_2,Classroom 2,29,28,26.64,58.6,7.82,ACTIVE,23.0
2026-08-26 16:19:44,zone_3,Lab 1,23,22,25.37,64.8,9.09,ACTIVE,23.0
2026-08-26 16:19:44,zone_4,Lab 2,15,14,25.09,56.3,8.06,ACTIVE,23.0
2026-08-26 16:19:44,zone_5,Office 1,11,10,25.48,55.8,4.08,ACTIVE,23.0
2026-08-26 16:19:44,zone_6,Office 2,14,13,24.51,62.8,3.51,ACTIVE,23.0
2026-08-26 16:19:44,zone_7,Meeting Room,16,15,26.8,52.3,6.55,ACTIVE,23.0
2026-08-26 16:19:44,zone_8,Server Room,1,1,21.66,64.6,5.06,ACTIVE,23.0
2026-08-26 16:19:44,zone_9,Corridor,18,17,27.89,56.0,3.6,ACTIVE,23.0
2026-08-26 16:19:44,zone_10,Auditorium,79,75,26.38,56.2,21.46,ACTIVE,23.0
2026-08-26 16:34:44,zone_1,Classroom 1,32,30,25.41,53.1,6.46,ACTIVE,23.0
2026-08-26 16:34:44,zone_2,Classroom 2,31,30,25.41,64.4,6.46,ACTIVE,23.0
2026-08-26 16:34:44,zone_3,Lab 1,20,19,26.22,51.4,10.28,ACTIVE,23.0
2026-08-26 16:34:44,zone_4,Lab 2,21,20,26.01,52.3,10.01,ACTIVE,23.0
2026-08-26 16:34:44,zone_5,Office 1,11,10,23.31,62.9,2.43,ACTIVE,23.0
2026-08-26 16:34:44,zone_6,Office 2,13,12,26.31,55.3,4.81,ACTIVE,23.0
2026-08-26 16:34:44,zone_7,Meeting Room,19,18,26.71,62.0,6.62,ACTIVE,23.0
2026-08-26 16:34:44,zone_8,Server Room,2,2,23.92,53.3,7.52,ACTIVE,23.0
2026-08-26 16:34:44,zone_9,Corridor,16,15,27.57,59.7,3.58,ACTIVE,23.0
2026-08-26 16:34:44,zone_10,Auditorium,108,103,29.07,61.5,24.47,ACTIVE,23.0
2026-08-26 16:49:44,zone_1,Classroom 1,21,20,25.04,53.2,5.66,ACTIVE,23.0
2026-08-26 16:49:44,zone_2,Classroom 2,30,29,26.44,57.8,7.63,ACTIVE,23.0
2026-08-26 16:49:44,zone_3,Lab 1,18,17,27.52,55.2,11.42,ACTIVE,23.0
2026-08-26 16:49:44,zone_4,Lab 2,20,19,26.31,56.7,10.43,ACTIVE,23.0
2026-08-26 16:49:44,zone_5,Office 1,11,10,24.81,64.1,3.57,ACTIVE,23.0
2026-08-26 16:49:44,zone_6,Office 2,15,14,25.6,54.5,4.39,ACTIVE,23.0
2026-08-26 16:49:44,zone_7,Meeting Room,17,16,24.16,57.1,4.06,ACTIVE,23.0
2026-08-26 16:49:44,zone_8,Server Room,1,1,21.42,58.8,5.06,ACTIVE,23.0
2026-08-26 16:49:44,zone_9,Corridor,27,26,27.75,62.3,3.71,ACTIVE,23.0
2026-08-26 16:49:44,zone_10,Auditorium,71,68,25.98,58.6,19.87,ACTIVE,23.0
2026-08-26 17:04:44,zone_1,Classroom 1,13,12,25.21,56.3,5.57,ACTIVE,23.0
2026-08-26 17:04:44,zone_2,Classroom 2,8,8,25.41,55.6,5.66,ACTIVE,23.0
2026-08-26 17:04:44,zone_3,Lab 1,19,18,25.24,64.1,8.59,ACTIVE,23.0
2026-08-26 17:04:44,zone_4,Lab 2,22,21,25.61,63.6,9.42,ACTIVE,23.0
2026-08-26 17:04:44,zone_5,Office 1,13,12,24.74,59.1,3.63,ACTIVE,23.0
2026-08-26 17:04:44,zone_6,Office 2,13,12,26.58,61.2,5.02,ACTIVE,23.0
2026-08-26 17:04:44,zone_7,Meeting Room,3,3,25.58,52.0,4.74,ACTIVE,23.0
2026-08-26 17:04:44,zone_8,Server Room,3,3,22.67,50.5,6.19,ACTIVE,23.0
2026-08-26 17:04:44,zone_9,Corridor,14,13,25.32,57.3,2.63,ACTIVE,23.0
2026-08-26 17:04:44,zone_10,Auditorium,8,8,25.29,54.4,15.62,ACTIVE,23.0
2026-08-26 17:19:44,zone_1,Classroom 1,12,11,23.99,50.8,4.11,ACTIVE,23.0
2026-08-26 17:19:44,zone_2,Classroom 2,15,14,25.54,62.7,6.03,ACTIVE,23.0
2026-08-26 17:19:44,zone_3,Lab 1,13,12,25.37,54.7,8.37,ACTIVE,23.0
2026-08-26 17:19:44,zone_4,Lab 2,16,15,26.15,63.9,9.88,ACTIVE,23.0
2026-08-26 17:19:44,zone_5,Office 1,13,12,25.84,59.6,4.46,ACTIVE,23.0
2026-08-26 17:19:44,zone_6,Office 2,13,12,25.3,50.8,4.05,ACTIVE,23.0
2026-08-26 17:19:44,zone_7,Meeting Room,2,2,24.74,60.7,3.88,ACTIVE,23.0
2026-08-26 17:19:44,zone_8,Server Room,1,1,23.95,51.1,7.02,ACTIVE,23.0
2026-08-26 17:19:44,zone_9,Corridor,11,10,26.65,58.4,3.33,ACTIVE,23.0
2026-08-26 17:19:44,zone_10,Auditorium,6,6,27.35,52.5,21.44,ACTIVE,23.0
2026-08-26 17:34:44,zone_1,Classroom 1,5,5,25.43,62.9,5.57,ACTIVE,23.0
2026-08-26 17:34:44,zone_2,Classroom 2,14,13,25.88,64.4,6.39,ACTIVE,23.0
2026-08-26 17:34:44,zone_3,Lab 1,12,11,25.24,57.4,8.09,ACTIVE,23.0
2026-08-26 17:34:44,zone_4,Lab 2,24,23,26.66,53.5,11.29,ACTIVE,23.0
2026-08-26 17:34:44,zone_5,Office 1,11,10,26.21,56.9,4.63,ACTIVE,23.0
2026-08-26 17:34:44,zone_6,Office 2,15,14,26.45,50.5,5.03,ACTIVE,23.0
2026-08-26 17:34:44,zone_7,Meeting Room,2,2,23.4,60.7,2.59,ACTIVE,23.0
2026-08-26 17:34:44,zone_8,Server Room,2,2,23.41,61.5,6.47,ACTIVE,23.0
2026-08-26 17:34:44,zone_9,Corridor,24,23,26.47,61.1,3.38,ACTIVE,23.0
2026-08-26 17:34:44,zone_10,Auditorium,11,10,25.79,50.1,17.4,ACTIVE,23.0
2026-08-26 17:49:44,zone_1,Classroom 1,9,9,25.21,63.5,5.46,ACTIVE,23.0
2026-08-26 17:49:44,zone_2,Classroom 2,12,11,25.18,52.5,5.5,ACTIVE,23.0
2026-08-26 17:49:44,zone_3,Lab 1,16,15,26.42,63.1,10.32,ACTIVE,23.0
2026-08-26 17:49:44,zone_4,Lab 2,13,12,27.43,63.0,11.06,ACTIVE,23.0
2026-08-26 17:49:44,zone_5,Office 1,14,13,25.0,51.4,3.88,ACTIVE,23.0
2026-08-26 17:49:44,zone_6,Office 2,11,10,25.34,51.8,3.97,ACTIVE,23.0
2026-08-26 17:49:44,zone_7,Meeting Room,4,4,23.86,64.1,3.14,ACTIVE,23.0
2026-08-26 17:49:44,zone_8,Server Room,2,2,22.37,56.0,5.62,ACTIVE,23.0
2026-08-26 17:49:44,zone_9,Corridor,18,17,27.48,62.8,3.6,ACTIVE,23.0
2026-08-26 17:49:44,zone_10,Auditorium,3,3,26.0,51.8,17.91,ACTIVE,23.0
2026-08-26 18:04:44,zone_1,Classroom 1,4,4,24.04,51.0,3.91,ACTIVE,23.0
2026-08-26 18:04:44,zone_2,Classroom 2,9,9,24.08,53.1,4.14,ACTIVE,23.0
2026-08-26 18:04:44,zone_3,Lab 1,8,8,24.79,60.3,7.13,ACTIVE,23.0
2026-08-26 18:04:44,zone_4,Lab 2,3,3,24.62,56.9,6.49,ACTIVE,23.0
2026-08-26 18:04:44,zone_5,Office 1,4,4,23.53,58.0,2.27,ACTIVE,23.0
2026-08-26 18:04:44,zone_6,Office 2,4,4,24.73,63.3,3.18,ACTIVE,23.0
2026-08-26 18:04:44,zone_7,Meeting Room,3,3,23.08,60.2,2.33,ACTIVE,23.0
2026-08-26 18:04:44,zone_8,Server Room,2,2,22.56,52.5,5.62,ACTIVE,23.0
2026-08-26 18:04:44,zone_9,Corridor,26,25,26.5,58.3,3.42,ACTIVE,23.0
2026-08-26 18:04:44,zone_10,Auditorium,4,4,27.47,53.5,21.37,ACTIVE,23.0
2026-08-26 18:19:44,zone_1,Classroom 1,7,7,23.7,64.9,3.62,ACTIVE,23.0
2026-08-26 18:19:44,zone_2,Classroom 2,9,9,24.2,51.2,4.28,ACTIVE,23.0
2026-08-26 18:19:44,zone_3,Lab 1,3,3,24.28,57.2,5.93,ACTIVE,23.0
2026-08-26 18:19:44,zone_4,Lab 2,6,6,25.98,51.3,8.95,ACTIVE,23.0
2026-08-26 18:19:44,zone_5,Office 1,6,6,23.83,55.2,2.61,ACTIVE,23.0
2026-08-26 18:19:44,zone_6,Office 2,4,4,24.16,58.3,2.75,ACTIVE,23.0
2026-08-26 18:19:44,zone_7,Meeting Room,3,3,25.57,55.8,4.73,ACTIVE,23.0
2026-08-26 18:19:44,zone_8,Server Room,3,3,24.02,54.7,8.29,ACTIVE,23.0
2026-08-26 18:19:44,zone_9,Corridor,21,20,28.05,51.7,3.64,ACTIVE,23.0
2026-08-26 18:19:44,zone_10,Auditorium,2,2,27.01,56.3,21.31,ACTIVE,23.0
2026-08-26 18:34:44,zone_1,Classroom 1,13,12,24.08,58.6,4.25,ACTIVE,23.0
2026-08-26 18:34:44,zone_2,Classroom 2,11,10,25.76,61.2,6.14,ACTIVE,23.0
2026-08-26 18:34:44,zone_3,Lab 1,5,5,26.55,56.7,9.82,ACTIVE,23.0
2026-08-26 18:34:44,zone_4,Lab 2,7,7,27.4,60.9,10.7,ACTIVE,23.0
2026-08-26 18:34:44,zone_5,Office 1,6,6,24.46,55.9,3.08,ACTIVE,23.0
2026-08-26 18:34:44,zone_6,Office 2,5,5,24.22,50.4,2.85,ACTIVE,23.0
2026-08-26 18:34:44,zone_7,Meeting Room,3,3,25.03,54.5,4.21,ACTIVE,23.0
2026-08-26 18:34:44,zone_8,Server Room,1,1,23.58,64.0,6.26,ACTIVE,23.0
2026-08-26 18:34:44,zone_9,Corridor,19,18,26.01,57.7,3.07,ACTIVE,23.0
2026-08-26 18:34:44,zone_10,Auditorium,9,9,27.0,53.6,21.53,ACTIVE,23.0
2026-08-26 18:49:44,zone_1,Classroom 1,14,13,26.15,60.0,6.7,ACTIVE,23.0
2026-08-26 18:49:44,zone_2,Classroom 2,4,4,24.5,57.1,4.45,ACTIVE,23.0
2026-08-26 18:49:44,zone_3,Lab 1,5,5,25.95,54.0,8.83,ACTIVE,23.0
2026-08-26 18:49:44,zone_4,Lab 2,7,7,26.25,64.7,9.47,ACTIVE,23.0
2026-08-26 18:49:44,zone_5,Office 1,4,4,23.34,60.5,2.13,ACTIVE,23.0
2026-08-26 18:49:44,zone_6,Office 2,3,3,25.08,54.8,3.39,ACTIVE,23.0
2026-08-26 18:49:44,zone_7,Meeting Room,1,1,24.22,52.2,3.33,ACTIVE,23.0
2026-08-26 18:49:44,zone_8,Server Room,3,3,24.37,62.7,9.01,ACTIVE,23.0
2026-08-26 18:49:44,zone_9,Corridor,24,23,27.02,52.2,3.68,ACTIVE,23.0
2026-08-26 18:49:44,zone_10,Auditorium,9,9,27.95,55.6,21.53,ACTIVE,23.0
2026-08-26 19:04:44,zone_1,Classroom 1,2,2,25.85,61.5,5.95,ACTIVE,23.0
2026-08-26 19:04:44,zone_2,Classroom 2,1,1,26.19,50.5,6.32,ACTIVE,23.0
2026-08-26 19:04:44,zone_3,Lab 1,5,5,24.61,57.3,6.62,ACTIVE,23.0
2026-08-26 19:04:44,zone_4,Lab 2,2,2,24.21,55.2,5.74,ACTIVE,23.0
2026-08-26 19:04:44,zone_5,Office 1,3,3,23.81,55.2,2.43,ACTIVE,23.0
2026-08-26 19:04:44,zone_6,Office 2,1,1,23.63,50.2,2.18,ACTIVE,23.0
2026-08-26 19:04:44,zone_7,Meeting Room,4,4,25.07,64.5,4.3,ACTIVE,23.0
2026-08-26 19:04:44,zone_8,Server Room,0,0,23.18,60.8,4.87,ACTIVE,23.0
2026-08-26 19:04:44,zone_9,Corridor,12,11,25.89,54.3,2.92,ACTIVE,23.0
2026-08-26 19:04:44,zone_10,Auditorium,23,22,28.06,64.6,21.94,ACTIVE,23.0
2026-08-26 19:19:44,zone_1,Classroom 1,6,6,24.49,56.1,4.51,ACTIVE,23.0
2026-08-26 19:19:44,zone_2,Classroom 2,7,7,24.8,62.0,4.91,ACTIVE,23.0
2026-08-26 19:19:44,zone_3,Lab 1,5,5,25.77,52.2,8.53,ACTIVE,23.0
2026-08-26 19:19:44,zone_4,Lab 2,1,1,24.85,55.2,6.72,ACTIVE,23.0
2026-08-26 19:19:44,zone_5,Office 1,2,2,24.0,57.2,2.52,ACTIVE,23.0
2026-08-26 19:19:44,zone_6,Office 2,1,1,25.05,54.4,3.26,ACTIVE,23.0
2026-08-26 19:19:44,zone_7,Meeting Room,3,3,23.31,61.1,2.56,ACTIVE,23.0
2026-08-26 19:19:44,zone_8,Server Room,0,0,22.97,52.6,4.5,ACTIVE,23.0
2026-08-26 19:19:44,zone_9,Corridor,6,6,25.69,51.3,2.75,ACTIVE,23.0
2026-08-26 19:19:44,zone_10,Auditorium,13,12,26.55,53.9,20.08,ACTIVE,23.0
2026-08-26 19:34:44,zone_1,Classroom 1,8,8,23.79,64.1,3.77,ACTIVE,23.0
2026-08-26 19:34:44,zone_2,Classroom 2,2,2,23.95,58.7,3.73,ACTIVE,23.0
2026-08-26 19:34:44,zone_3,Lab 1,4,4,24.35,53.3,6.12,ACTIVE,23.0
2026-08-26 19:34:44,zone_4,Lab 2,3,3,26.49,53.5,9.57,ACTIVE,23.0
2026-08-26 19:34:44,zone_5,Office 1,1,1,22.78,63.5,1.71,ACTIVE,23.0
2026-08-26 19:34:44,zone_6,Office 2,2,2,24.68,62.7,3.03,ACTIVE,23.0
2026-08-26 19:34:44,zone_7,Meeting Room,3,3,25.88,63.2,5.03,ACTIVE,23.0
2026-08-26 19:34:44,zone_8,Server Room,0,0,22.17,56.1,4.5,ACTIVE,23.0
2026-08-26 19:34:44,zone_9,Corridor,4,4,26.69,60.3,3.28,ACTIVE,23.0
2026-08-26 19:34:44,zone_10,Auditorium,20,19,25.66,62.9,17.24,ACTIVE,23.0
2026-08-26 19:49:44,zone_1,Classroom 1,3,3,25.77,55.7,5.9,ACTIVE,23.0
2026-08-26 19:49:44,zone_2,Classroom 2,7,7,25.74,63.6,6.01,ACTIVE,23.0
2026-08-26 19:49:44,zone_3,Lab 1,5,5,26.38,56.8,9.54,ACTIVE,23.0
2026-08-26 19:49:44,zone_4,Lab 2,1,1,26.83,50.6,9.99,ACTIVE,23.0
2026-08-26 19:49:44,zone_5,Office 1,3,3,23.22,55.9,1.98,ACTIVE,23.0
2026-08-26 19:49:44,zone_6,Office 2,1,1,23.45,64.1,2.05,ACTIVE,23.0
2026-08-26 19:49:44,zone_7,Meeting Room,3,3,24.15,64.5,3.36,ACTIVE,23.0
2026-08-26 19:49:44,zone_8,Server Room,0,0,23.95,55.6,6.46,ACTIVE,23.0
2026-08-26 19:49:44,zone_9,Corridor,4,4,24.85,54.3,2.27,ACTIVE,23.0
2026-08-26 19:49:44,zone_10,Auditorium,23,22,25.88,61.0,18.09,ACTIVE,23.0
2026-08-26 20:04:44,zone_1,Classroom 1,1,1,25.52,50.7,5.53,ACTIVE,23.0
2026-08-26 20:04:44,zone_2,Classroom 2,5,5,25.81,60.1,6.02,ACTIVE,23.0
2026-08-26 20:04:44,zone_3,Lab 1,2,2,24.38,52.7,6.02,ACTIVE,23.0
2026-08-26 20:04:44,zone_4,Lab 2,3,3,24.41,55.0,6.14,ACTIVE,23.0
2026-08-26 20:04:44,zone_5,Office 1,1,1,23.54,55.7,2.11,ACTIVE,23.0
2026-08-26 20:04:44,zone_6,Office 2,2,2,23.55,54.7,2.18,ACTIVE,23.0
2026-08-26 20:04:44,zone_7,Meeting Room,2,2,24.45,58.3,3.6,ACTIVE,23.0
2026-08-26 20:04:44,zone_8,Server Room,0,0,22.87,52.7,4.5,ACTIVE,23.0
2026-08-26 20:04:44,zone_9,Corridor,5,5,27.19,59.2,3.46,ACTIVE,23.0
2026-08-26 20:04:44,zone_10,Auditorium,28,27,28.19,61.0,22.09,ACTIVE,23.0
2026-08-26 20:19:44,zone_1,Classroom 1,6,6,25.47,63.6,5.65,ACTIVE,23.0
2026-08-26 20:19:44,zone_2,Classroom 2,5,5,23.85,54.5,3.73,ACTIVE,23.0
2026-08-26 20:19:44,zone_3,Lab 1,3,3,24.53,53.1,6.34,ACTIVE,23.0
2026-08-26 20:19:44,zone_4,Lab 2,4,4,24.88,60.2,6.99,ACTIVE,23.0
2026-08-26 20:19:44,zone_5,Office 1,1,1,23.56,63.0,2.13,ACTIVE,23.0
2026-08-26 20:19:44,zone_6,Office 2,2,2,23.19,54.4,1.9,ACTIVE,23.0
2026-08-26 20:19:44,zone_7,Meeting Room,1,1,23.91,61.2,3.03,ACTIVE,23.0
2026-08-26 20:19:44,zone_8,Server Room,0,0,21.45,63.8,4.5,ACTIVE,23.0
2026-08-26 20:19:44,zone_9,Corridor,3,3,26.68,53.6,3.26,ACTIVE,23.0
2026-08-26 20:19:44,zone_10,Auditorium,21,20,27.13,53.0,21.88,ACTIVE,23.0
2026-08-26 20:34:44,zone_1,Classroom 1,6,6,26.05,54.0,6.33,ACTIVE,23.0
2026-08-26 20:34:44,zone_2,Classroom 2,4,4,26.02,55.5,6.22,ACTIVE,23.0
2026-08-26 20:34:44,zone_3,Lab 1,3,3,25.73,51.7,8.32,ACTIVE,23.0
2026-08-26 20:34:44,zone_4,Lab 2,6,6,25.2,60.7,7.66,ACTIVE,23.0
2026-08-26 20:34:44,zone_5,Office 1,3,3,23.93,53.5,2.52,ACTIVE,23.0
2026-08-26 20:34:44,zone_6,Office 2,0,0,25.45,55.3,3.5,ACTIVE,23.0
2026-08-26 20:34:44,zone_7,Meeting Room,1,1,25.6,54.3,4.66,ACTIVE,23.0
2026-08-26 20:34:44,zone_8,Server Room,0,0,22.63,50.3,4.5,ACTIVE,23.0
2026-08-26 20:34:44,zone_9,Corridor,10,10,27.52,53.4,3.52,ACTIVE,23.0
2026-08-26 20:34:44,zone_10,Auditorium,11,10,26.84,60.8,21.01,ACTIVE,23.0
2026-08-26 20:49:44,zone_1,Classroom 1,4,4,25.74,60.1,5.9,ACTIVE,23.0
2026-08-26 20:49:44,zone_2,Classroom 2,8,8,24.48,51.9,4.57,ACTIVE,23.0
2026-08-26 20:49:44,zone_3,Lab 1,2,2,23.87,64.8,5.18,ACTIVE,23.0
2026-08-26 20:49:44,zone_4,Lab 2,6,6,24.87,57.6,7.12,ACTIVE,23.0
2026-08-26 20:49:44,zone_5,Office 1,1,1,22.62,51.1,1.71,ACTIVE,23.0
2026-08-26 20:49:44,zone_6,Office 2,2,2,23.65,53.9,2.25,ACTIVE,23.0
2026-08-26 20:49:44,zone_7,Meeting Room,3,3,23.17,53.3,2.42,ACTIVE,23.0
2026-08-26 20:49:44,zone_8,Server Room,0,0,22.76,64.0,4.5,ACTIVE,23.0
2026-08-26 20:49:44,zone_9,Corridor,5,5,24.82,60.3,2.26,ACTIVE,23.0
2026-08-26 20:49:44,zone_10,Auditorium,22,21,25.4,59.5,16.41,ACTIVE,23.0
2026-08-26 21:04:44,zone_1,Classroom 1,6,6,25.46,56.0,5.64,ACTIVE,23.0
2026-08-26 21:04:44,zone_2,Classroom 2,4,4,26.4,61.9,6.67,ACTIVE,23.0
2026-08-26 21:04:44,zone_3,Lab 1,1,1,23.83,57.3,5.04,ACTIVE,23.0
2026-08-26 21:04:44,zone_4,Lab 2,4,4,24.65,51.3,6.61,ACTIVE,23.0
2026-08-26 21:04:44,zone_5,Office 1,3,3,23.11,56.6,1.9,ACTIVE,23.0
2026-08-26 21:04:44,zone_6,Office 2,0,0,24.02,57.2,2.42,ACTIVE,23.0
2026-08-26 21:04:44,zone_7,Meeting Room,1,1,23.53,61.8,2.66,ACTIVE,23.0
2026-08-26 21:04:44,zone_8,Server Room,0,0,22.36,57.4,4.5,ACTIVE,23.0
2026-08-26 21:04:44,zone_9,Corridor,12,11,25.53,62.5,2.72,ACTIVE,23.0
2026-08-26 21:04:44,zone_10,Auditorium,9,9,27.6,50.7,21.53,ACTIVE,23.0
2026-08-26 21:19:44,zone_1,Classroom 1,7,7,24.5,55.0,4.56,ACTIVE,23.0
2026-08-26 21:19:44,zone_2,Classroom 2,2,2,24.87,55.3,4.81,ACTIVE,23.0
2026-08-26 21:19:44,zone_3,Lab 1,3,3,24.76,58.7,6.72,ACTIVE,23.0
2026-08-26 21:19:44,zone_4,Lab 2,3,3,26.51,63.9,9.61,ACTIVE,23.0
2026-08-26 21:19:44,zone_5,Office 1,3,3,25.45,54.4,3.67,ACTIVE,23.0
2026-08-26 21:19:44,zone_6,Office 2,2,2,24.44,59.6,2.85,ACTIVE,23.0
2026-08-26 21:19:44,zone_7,Meeting Room,4,4,23.99,53.9,3.26,ACTIVE,23.0
2026-08-26 21:19:44,zone_8,Server Room,0,0,21.22,59.3,4.5,ACTIVE,23.0
2026-08-26 21:19:44,zone_9,Corridor,5,5,26.47,59.3,3.17,ACTIVE,23.0
2026-08-26 21:19:44,zone_10,Auditorium,6,6,26.19,57.7,18.65,ACTIVE,23.0
2026-08-26 21:34:44,zone_1,Classroom 1,3,3,23.71,59.6,3.49,ACTIVE,23.0
2026-08-26 21:34:44,zone_2,Classroom 2,7,7,25.02,64.8,5.17,ACTIVE,23.0
2026-08-26 21:34:44,zone_3,Lab 1,5,5,25.55,50.5,8.17,ACTIVE,23.0
2026-08-26 21:34:44,zone_4,Lab 2,5,5,24.73,61.6,6.81,ACTIVE,23.0
2026-08-26 21:34:44,zone_5,Office 1,2,2,24.72,60.7,3.06,ACTIVE,23.0
2026-08-26 21:34:44,zone_6,Office 2,0,0,25.26,54.2,3.36,ACTIVE,23.0
2026-08-26 21:34:44,zone_7,Meeting Room,3,3,23.52,59.5,2.76,ACTIVE,23.0
2026-08-26 21:34:44,zone_8,Server Room,0,0,21.52,56.1,4.5,ACTIVE,23.0
2026-08-26 21:34:44,zone_9,Corridor,9,9,27.13,63.8,3.51,ACTIVE,23.0
2026-08-26 21:34:44,zone_10,Auditorium,12,11,25.62,56.7,16.85,ACTIVE,23.0
2026-08-26 21:49:44,zone_1,Classroom 1,5,5,25.79,58.7,5.99,ACTIVE,23.0
2026-08-26 21:49:44,zone_2,Classroom 2,6,6,23.86,58.9,3.77,ACTIVE,23.0
2026-08-26 21:49:44,zone_3,Lab 1,5,5,26.23,65.0,9.29,ACTIVE,23.0
2026-08-26 21:49:44,zone_4,Lab 2,1,1,25.45,50.6,7.71,ACTIVE,23.0
2026-08-26 21:49:44,zone_5,Office 1,1,1,24.09,61.0,2.53,ACTIVE,23.0
2026-08-26 21:49:44,zone_6,Office 2,1,1,24.8,61.8,3.07,ACTIVE,23.0
2026-08-26 21:49:44,zone_7,Meeting Room,4,4,23.22,52.3,2.52,ACTIVE,23.0
2026-08-26 21:49:44,zone_8,Server Room,0,0,23.22,62.7,4.95,ACTIVE,23.0
2026-08-26 21:49:44,zone_9,Corridor,4,4,27.15,60.2,3.45,ACTIVE,23.0
2026-08-26 21:49:44,zone_10,Auditorium,25,24,25.62,52.4,17.26,ACTIVE,23.0
2026-08-26 22:04:44,zone_1,Classroom 1,0,0,24.5,61.5,4.3,ACTIVE,23.0
2026-08-26 22:04:44,zone_2,Classroom 2,1,1,24.45,52.6,4.28,ACTIVE,23.0
2026-08-26 22:04:44,zone_3,Lab 1,0,0,25.14,62.6,7.13,ACTIVE,23.0
2026-08-26 22:04:44,zone_4,Lab 2,1,1,24.58,57.6,6.28,ACTIVE,23.0
2026-08-26 22:04:44,zone_5,Office 1,0,0,23.07,59.9,1.7,ACTIVE,23.0
2026-08-26 22:04:44,zone_6,Office 2,0,0,23.92,56.7,2.35,ACTIVE,23.0
2026-08-26 22:04:44,zone_7,Meeting Room,0,0,23.02,56.1,2.12,ACTIVE,23.0
2026-08-26 22:04:44,zone_8,Server Room,0,0,22.67,63.1,4.5,ACTIVE,23.0
2026-08-26 22:04:44,zone_9,Corridor,1,1,25.52,64.1,2.6,ACTIVE,23.0
2026-08-26 22:04:44,zone_10,Auditorium,0,0,25.84,64.2,17.26,ACTIVE,23.0
2026-08-26 22:19:44,zone_1,Classroom 1,0,0,25.03,51.4,4.92,ACTIVE,23.0
2026-08-26 22:19:44,zone_2,Classroom 2,1,1,24.78,60.0,4.67,ACTIVE,23.0
2026-08-26 22:19:44,zone_3,Lab 1,0,0,25.02,56.1,6.93,ACTIVE,23.0
2026-08-26 22:19:44,zone_4,Lab 2,0,0,24.09,55.5,5.4,ACTIVE,23.0
2026-08-26 22:19:44,zone_5,Office 1,0,0,22.53,61.8,1.65,ACTIVE,23.0
2026-08-26 22:19:44,zone_6,Office 2,1,1,23.79,59.3,2.3,ACTIVE,23.0
2026-08-26 22:19:44,zone_7,Meeting Room,1,1,25.71,59.2,4.76,ACTIVE,23.0
2026-08-26 22:19:44,zone_8,Server Room,0,0,23.74,51.5,6.03,ACTIVE,23.0
2026-08-26 22:19:44,zone_9,Corridor,0,0,26.74,51.4,3.26,ACTIVE,23.0
2026-08-26 22:19:44,zone_10,Auditorium,0,0,26.61,58.5,19.91,ACTIVE,23.0
2026-08-26 22:34:44,zone_1,Classroom 1,0,0,24.47,62.5,4.27,ACTIVE,23.0
2026-08-26 22:34:44,zone_2,Classroom 2,0,0,23.76,58.6,3.44,ACTIVE,23.0
2026-08-26 22:34:44,zone_3,Lab 1,0,0,24.83,58.5,6.62,ACTIVE,23.0
2026-08-26 22:34:44,zone_4,Lab 2,1,1,25.45,52.6,7.71,ACTIVE,23.0
2026-08-26 22:34:44,zone_5,Office 1,0,0,22.71,51.0,1.65,ACTIVE,23.0
2026-08-26 22:34:44,zone_6,Office 2,1,1,23.21,53.7,1.86,ACTIVE,23.0
2026-08-26 22:34:44,zone_7,Meeting Room,0,0,25.28,60.0,4.29,ACTIVE,23.0
2026-08-26 22:34:44,zone_8,Server Room,0,0,21.44,61.9,4.5,ACTIVE,23.0
2026-08-26 22:34:44,zone_9,Corridor,2,2,26.27,59.0,3.02,ACTIVE,23.0
2026-08-26 22:34:44,zone_10,Auditorium,0,0,25.0,62.4,14.38,ACTIVE,23.0
2026-08-26 22:49:44,zone_1,Classroom 1,1,1,23.43,61.4,3.09,ACTIVE,23.0
2026-08-26 22:49:44,zone_2,Classroom 2,1,1,25.86,61.7,5.93,ACTIVE,23.0
2026-08-26 22:49:44,zone_3,Lab 1,1,1,24.87,52.6,6.76,ACTIVE,23.0
2026-08-26 22:49:44,zone_4,Lab 2,1,1,25.08,51.6,7.1,ACTIVE,23.0
2026-08-26 22:49:44,zone_5,Office 1,1,1,22.94,50.3,1.71,ACTIVE,23.0
2026-08-26 22:49:44,zone_6,Office 2,0,0,24.63,64.5,2.88,ACTIVE,23.0
2026-08-26 22:49:44,zone_7,Meeting Room,0,0,25.65,63.2,4.65,ACTIVE,23.0
2026-08-26 22:49:44,zone_8,Server Room,2,2,24.24,53.9,8.18,ACTIVE,23.0
2026-08-26 22:49:44,zone_9,Corridor,3,3,26.94,58.7,3.4,ACTIVE,23.0
2026-08-26 22:49:44,zone_10,Auditorium,0,0,25.7,52.5,16.78,ACTIVE,23.0
2026-08-26 23:04:44,zone_1,Classroom 1,0,0,24.98,57.2,4.86,ACTIVE,23.0
2026-08-26 23:04:44,zone_2,Classroom 2,1,1,24.16,52.8,3.94,ACTIVE,23.0
2026-08-26 23:04:44,zone_3,Lab 1,1,1,26.46,61.3,9.38,ACTIVE,23.0
2026-08-26 23:04:44,zone_4,Lab 2,0,0,26.82,56.6,9.9,ACTIVE,23.0
2026-08-26 23:04:44,zone_5,Office 1,1,1,24.32,50.3,2.7,ACTIVE,23.0
2026-08-26 23:04:44,zone_6,Office 2,1,1,25.23,51.2,3.39,ACTIVE,23.0
2026-08-26 23:04:44,zone_7,Meeting Room,0,0,23.31,59.6,2.4,ACTIVE,23.0
2026-08-26 23:04:44,zone_8,Server Room,0,0,21.32,63.6,4.5,ACTIVE,23.0
2026-08-26 23:04:44,zone_9,Corridor,1,1,26.37,55.5,3.07,ACTIVE,23.0
2026-08-26 23:04:44,zone_10,Auditorium,0,0,27.38,59.0,21.25,ACTIVE,23.0
2026-08-26 23:19:44,zone_1,Classroom 1,1,1,23.13,56.6,2.74,ACTIVE,23.0
2026-08-26 23:19:44,zone_2,Classroom 2,1,1,24.91,59.8,4.82,ACTIVE,23.0
2026-08-26 23:19:44,zone_3,Lab 1,0,0,24.2,50.9,5.58,ACTIVE,23.0
2026-08-26 23:19:44,zone_4,Lab 2,0,0,26.4,59.8,9.21,ACTIVE,23.0
2026-08-26 23:19:44,zone_5,Office 1,0,0,23.66,58.6,2.15,ACTIVE,23.0
2026-08-26 23:19:44,zone_6,Office 2,1,1,23.01,51.9,1.71,ACTIVE,23.0
2026-08-26 23:19:44,zone_7,Meeting Room,0,0,24.76,50.4,3.79,ACTIVE,23.0
2026-08-26 23:19:44,zone_8,Server Room,1,1,21.83,53.7,5.06,ACTIVE,23.0
2026-08-26 23:19:44,zone_9,Corridor,0,0,24.95,62.2,2.27,ACTIVE,23.0
2026-08-26 23:19:44,zone_10,Auditorium,0,0,25.96,50.8,17.68,ACTIVE,23.0
